{
  "statistics": {
    "total_controllers": 26,
    "http_methods": {
      "POST": 6,
      "DELETE": 2,
      "GET": 16,
      "PATCH": 2
    },
    "total_endpoints": 26
  },
  "area": "API",
  "scan_time": "2025-11-06T12:40:21Z",
  "endpoints": [
    {
      "path": "C:/TEMP/ksessions-simulation/Source Code/IssueTrackerApp/Api/Controllers/AppsController.cs",
      "base_route": "api/[controller]",
      "endpoints": [
        {
          "request_dto": null,
          "method": "GET",
          "authorization": "none",
          "response_dto": "IssueDto",
          "route": "/api/[controller]/{appId}/issues"
        },
        {
          "request_dto": null,
          "method": "POST",
          "authorization": "none",
          "response_dto": "IssueDto",
          "route": "/api/[controller]/{appId}/issues"
        }
      ]
    },
    {
      "path": "C:/TEMP/ksessions-simulation/Source Code/IssueTrackerApp/Api/Controllers/IssuesController.cs",
      "base_route": "api/[controller]",
      "endpoints": [
        {
          "request_dto": null,
          "method": "GET",
          "authorization": "none",
          "response_dto": "IssueDto",
          "route": "/api/[controller]/{issueId}"
        },
        {
          "request_dto": null,
          "method": "GET",
          "authorization": "none",
          "response_dto": "IssueDto",
          "route": "/api/[controller]/{issueId}/archive"
        },
        {
          "request_dto": null,
          "method": "DELETE",
          "authorization": "none",
          "response_dto": "IssueDto",
          "route": "/api/[controller]/{issueId}"
        },
        {
          "request_dto": null,
          "method": "PATCH",
          "authorization": "none",
          "response_dto": "IssueDto",
          "route": "/api/[controller]/{issueId}"
        }
      ]
    },
    {
      "path": "C:/TEMP/ksessions-simulation/Source Code/IssueTrackerApp/Api/Controllers/MarkdownController.cs",
      "base_route": "api/markdown",
      "endpoints": [
        {
          "request_dto": "CreateIssueDto",
          "method": "GET",
          "authorization": "none",
          "response_dto": "object",
          "route": "/api/markdown/apps"
        },
        {
          "request_dto": "CreateIssueDto",
          "method": "GET",
          "authorization": "none",
          "response_dto": "object",
          "route": "/api/markdown/apps/{appId}/issues"
        },
        {
          "request_dto": "CreateIssueDto",
          "method": "GET",
          "authorization": "none",
          "response_dto": "object",
          "route": "/api/markdown/issues/{issueId}"
        },
        {
          "request_dto": "CreateIssueDto",
          "method": "GET",
          "authorization": "none",
          "response_dto": "object",
          "route": "/api/markdown/health"
        },
        {
          "request_dto": "CreateIssueDto",
          "method": "POST",
          "authorization": "none",
          "response_dto": "object",
          "route": "/api/markdown/apps/{appId}/issues"
        },
        {
          "request_dto": "CreateIssueDto",
          "method": "DELETE",
          "authorization": "none",
          "response_dto": "object",
          "route": "/api/markdown/issues/{issueId}"
        },
        {
          "request_dto": "CreateIssueDto",
          "method": "PATCH",
          "authorization": "none",
          "response_dto": "object",
          "route": "/api/markdown/issues/{issueId}"
        }
      ]
    },
    {
      "path": "C:/TEMP/ksessions-simulation/Source Code/Sessions.Spa/Areas/HelpPage/Controllers/HelpController.cs",
      "base_route": "",
      "endpoints": []
    },
    {
      "path": "C:/TEMP/ksessions-simulation/Source Code/Sessions.Spa/Controllers/AccountController.cs",
      "base_route": "",
      "endpoints": []
    },
    {
      "path": "C:/TEMP/ksessions-simulation/Source Code/Sessions.Spa/Controllers/HomeController.cs",
      "base_route": "",
      "endpoints": []
    },
    {
      "path": "C:/TEMP/ksessions-simulation/Source Code/Sessions.Spa/Controllers/SearchController.cs",
      "base_route": "api/[controller]",
      "endpoints": [
        {
          "request_dto": "FuzzySearchCriteria",
          "method": "GET",
          "authorization": "none",
          "response_dto": "QuickSearchResult",
          "route": "/api/[controller]/quick"
        },
        {
          "request_dto": "FuzzySearchCriteria",
          "method": "GET",
          "authorization": "none",
          "response_dto": "QuickSearchResult",
          "route": "/api/[controller]/realtime"
        },
        {
          "request_dto": "FuzzySearchCriteria",
          "method": "GET",
          "authorization": "none",
          "response_dto": "QuickSearchResult",
          "route": "/api/[controller]/analytics"
        },
        {
          "request_dto": "FuzzySearchCriteria",
          "method": "GET",
          "authorization": "none",
          "response_dto": "QuickSearchResult",
          "route": "/api/[controller]/popular-terms"
        },
        {
          "request_dto": "FuzzySearchCriteria",
          "method": "GET",
          "authorization": "none",
          "response_dto": "QuickSearchResult",
          "route": "/api/[controller]/autocomplete"
        },
        {
          "request_dto": "FuzzySearchCriteria",
          "method": "GET",
          "authorization": "none",
          "response_dto": "QuickSearchResult",
          "route": "/api/[controller]/similar/{ahadeesId}"
        },
        {
          "request_dto": "FuzzySearchCriteria",
          "method": "POST",
          "authorization": "none",
          "response_dto": "QuickSearchResult",
          "route": "/api/[controller]/fuzzy"
        }
      ]
    },
    {
      "path": "C:/TEMP/ksessions-simulation/Source Code/Sessions.Spa/Controllers/TokenController.cs",
      "base_route": "api/[controller]",
      "endpoints": [
        {
          "request_dto": "BulkTokenRequest",
          "method": "GET",
          "authorization": "none",
          "response_dto": "TokenResult",
          "route": "/api/[controller]/validate/{token}"
        },
        {
          "request_dto": "BulkTokenRequest",
          "method": "GET",
          "authorization": "none",
          "response_dto": "TokenResult",
          "route": "/api/[controller]/analytics"
        },
        {
          "request_dto": "BulkTokenRequest",
          "method": "GET",
          "authorization": "none",
          "response_dto": "TokenResult",
          "route": "/api/[controller]/popular"
        },
        {
          "request_dto": "BulkTokenRequest",
          "method": "POST",
          "authorization": "none",
          "response_dto": "TokenResult",
          "route": "/api/[controller]/generate/{ahadeesId}"
        },
        {
          "request_dto": "BulkTokenRequest",
          "method": "POST",
          "authorization": "none",
          "response_dto": "TokenResult",
          "route": "/api/[controller]/generate/bulk"
        },
        {
          "request_dto": "BulkTokenRequest",
          "method": "POST",
          "authorization": "none",
          "response_dto": "TokenResult",
          "route": "/api/[controller]/validate/batch"
        }
      ]
    },
    {
      "path": "C:/TEMP/ksessions-simulation/Source Code/Sessions.Spa/Controllers/ValuesController.cs",
      "base_route": "",
      "endpoints": []
    },
    {
      "path": "C:/TEMP/ksessions-simulation/Source Code/Sessions.Spa/Controllers/Api/AdminController.cs",
      "base_route": "api/admin/dashboard/counts",
      "endpoints": []
    },
    {
      "path": "C:/TEMP/ksessions-simulation/Source Code/Sessions.Spa/Controllers/Api/AdminUtilityController.cs",
      "base_route": "",
      "endpoints": []
    },
    {
      "path": "C:/TEMP/ksessions-simulation/Source Code/Sessions.Spa/Controllers/Api/AhadeesController.cs",
      "base_route": "api/ahadees/save",
      "endpoints": []
    },
    {
      "path": "C:/TEMP/ksessions-simulation/Source Code/Sessions.Spa/Controllers/Api/DatabaseTestController.cs",
      "base_route": "api/databasetest/connection",
      "endpoints": []
    },
    {
      "path": "C:/TEMP/ksessions-simulation/Source Code/Sessions.Spa/Controllers/Api/DocsController.cs",
      "base_route": "",
      "endpoints": []
    },
    {
      "path": "C:/TEMP/ksessions-simulation/Source Code/Sessions.Spa/Controllers/Api/EtymologyController.cs",
      "base_route": "api/etymology/search",
      "endpoints": []
    },
    {
      "path": "C:/TEMP/ksessions-simulation/Source Code/Sessions.Spa/Controllers/Api/FileController.cs",
      "base_route": "api/file/session/{sessionId}/images",
      "endpoints": []
    },
    {
      "path": "C:/TEMP/ksessions-simulation/Source Code/Sessions.Spa/Controllers/Api/GitController.cs",
      "base_route": "api/git/status",
      "endpoints": []
    },
    {
      "path": "C:/TEMP/ksessions-simulation/Source Code/Sessions.Spa/Controllers/Api/GroupController.cs",
      "base_route": "api/families/{familyId}/members",
      "endpoints": []
    },
    {
      "path": "C:/TEMP/ksessions-simulation/Source Code/Sessions.Spa/Controllers/Api/H2TranscriptTestController.cs",
      "base_route": "",
      "endpoints": []
    },
    {
      "path": "C:/TEMP/ksessions-simulation/Source Code/Sessions.Spa/Controllers/Api/LoggingController.cs",
      "base_route": "",
      "endpoints": []
    },
    {
      "path": "C:/TEMP/ksessions-simulation/Source Code/Sessions.Spa/Controllers/Api/LogsController.cs",
      "base_route": "",
      "endpoints": []
    },
    {
      "path": "C:/TEMP/ksessions-simulation/Source Code/Sessions.Spa/Controllers/Api/PublicController.cs",
      "base_route": "api/public/pulsecheck",
      "endpoints": []
    },
    {
      "path": "C:/TEMP/ksessions-simulation/Source Code/Sessions.Spa/Controllers/Api/QuranController.cs",
      "base_route": "api/quran/surah/{surahNumber}/ayats/{ayats}",
      "endpoints": []
    },
    {
      "path": "C:/TEMP/ksessions-simulation/Source Code/Sessions.Spa/Controllers/Api/RegistrationController.cs",
      "base_route": "api/registration/test",
      "endpoints": []
    },
    {
      "path": "C:/TEMP/ksessions-simulation/Source Code/Sessions.Spa/Controllers/Api/SessionController.cs",
      "base_route": "api/sessions/save",
      "endpoints": []
    },
    {
      "path": "C:/TEMP/ksessions-simulation/Source Code/Sessions.Spa/Controllers/Api/TestController.cs",
      "base_route": "api/test/removespecial/{textValue}",
      "endpoints": []
    }
  ],
  "workspace_root": "C:\\Temp\\ksessions-simulation",
  "patterns": {
    "auth": "attribute-based",
    "routing": "attribute-based",
    "versioning": "url-path"
  },
  "duration_seconds": 3
}
