{
  "duration_seconds": 3,
  "patterns": {
    "naming": "I{Name} interface",
    "di_registration": "Program.cs",
    "layering": "repository-service-manager"
  },
  "statistics": {
    "total_services": 15,
    "total_interfaces": 5,
    "total_di_registrations": 0
  },
  "area": "Services",
  "services": [
    {
      "di_lifetime": "Scoped",
      "path": "C:/TEMP/ksessions-simulation/Source Code/IssueTrackerApp/Api/Services/MarkdownIssueService.cs",
      "patterns": [
        "service"
      ],
      "dependencies": "IConfiguration",
      "interface": null,
      "implementation": "MarkdownIssueService"
    },
    {
      "di_lifetime": "Scoped",
      "path": "C:/TEMP/ksessions-simulation/Source Code/Sessions.Business/EmailService.cs",
      "patterns": [
        "service"
      ],
      "dependencies": "IDataRepository",
      "interface": "IEmailService",
      "implementation": "EmailService"
    },
    {
      "di_lifetime": "Scoped",
      "path": "C:/TEMP/ksessions-simulation/Source Code/Sessions.Business/SessionService.cs",
      "patterns": [
        "service"
      ],
      "dependencies": [
        "IDataRepository",
        "IEmailService"
      ],
      "interface": "ISessionService",
      "implementation": "SessionService"
    },
    {
      "di_lifetime": "Scoped",
      "path": "C:/TEMP/ksessions-simulation/Source Code/Sessions.Business/Contracts/IEmailService.cs",
      "patterns": [
        "service"
      ],
      "dependencies": null,
      "interface": null,
      "implementation": "IEmailService"
    },
    {
      "di_lifetime": "Scoped",
      "path": "C:/TEMP/ksessions-simulation/Source Code/Sessions.Business/Contracts/ISessionService.cs",
      "patterns": [
        "service"
      ],
      "dependencies": null,
      "interface": null,
      "implementation": "ISessionService"
    },
    {
      "di_lifetime": "Scoped",
      "path": "C:/TEMP/ksessions-simulation/Source Code/Sessions.Data/Services/LogService.cs",
      "patterns": [
        "service"
      ],
      "dependencies": null,
      "interface": null,
      "implementation": "LogService"
    },
    {
      "di_lifetime": "Scoped",
      "path": "C:/TEMP/ksessions-simulation/Source Code/Sessions.Spa/Services/ProductionDeploymentService.cs",
      "patterns": [
        "service"
      ],
      "dependencies": null,
      "interface": null,
      "implementation": "ProductionDeploymentService"
    },
    {
      "di_lifetime": "Scoped",
      "path": "C:/TEMP/ksessions-simulation/Source Code/Sessions.Data/Contracts/IAhadeesRepository.cs",
      "patterns": [
        "repository"
      ],
      "dependencies": null,
      "interface": null,
      "implementation": "IAhadeesRepository"
    },
    {
      "di_lifetime": "Scoped",
      "path": "C:/TEMP/ksessions-simulation/Source Code/Sessions.Data/Contracts/IDataRepository.cs",
      "patterns": [
        "repository"
      ],
      "dependencies": null,
      "interface": null,
      "implementation": "IDataRepository"
    },
    {
      "di_lifetime": "Scoped",
      "path": "C:/TEMP/ksessions-simulation/Source Code/Sessions.Data/Contracts/IQuranRepository.cs",
      "patterns": [
        "repository"
      ],
      "dependencies": null,
      "interface": null,
      "implementation": "IQuranRepository"
    },
    {
      "di_lifetime": "Scoped",
      "path": "C:/TEMP/ksessions-simulation/Source Code/Sessions.Data/Contracts/ISearchRepository.cs",
      "patterns": [
        "repository"
      ],
      "dependencies": null,
      "interface": null,
      "implementation": "ISearchRepository"
    },
    {
      "di_lifetime": "Scoped",
      "path": "C:/TEMP/ksessions-simulation/Source Code/Sessions.Data/Repos/AhadeesRepository.cs",
      "patterns": [
        "repository"
      ],
      "dependencies": "string",
      "interface": "IAhadeesRepository",
      "implementation": "AhadeesRepository"
    },
    {
      "di_lifetime": "Scoped",
      "path": "C:/TEMP/ksessions-simulation/Source Code/Sessions.Data/Repos/DataRepository.cs",
      "patterns": [
        "repository"
      ],
      "dependencies": "IDbConnection",
      "interface": "IDataRepository",
      "implementation": "DataRepository"
    },
    {
      "di_lifetime": "Scoped",
      "path": "C:/TEMP/ksessions-simulation/Source Code/Sessions.Data/Repos/QuranRepository.cs",
      "patterns": [
        "repository"
      ],
      "dependencies": "string",
      "interface": "IQuranRepository",
      "implementation": "QuranRepository"
    },
    {
      "di_lifetime": "Scoped",
      "path": "C:/TEMP/ksessions-simulation/Source Code/Sessions.Data/Repos/SearchRepository.cs",
      "patterns": [
        "repository"
      ],
      "dependencies": null,
      "interface": null,
      "implementation": "SearchRepository"
    }
  ],
  "scan_time": "2025-11-06T12:40:21Z",
  "workspace_root": "C:\\Temp\\ksessions-simulation"
}
