{
  "conversation_id": "conv-20251110-065538-3133",
  "continuation_id": "CONT_17f0ec9e",
  "total": 5,
  "current": 1,
  "pages": [
    "✓ SUCCESS\nAgent: TestAgent\n\nExtremely large detailed result for paging test\n\nResult:\n  long: word0 word1 word2 word3 word4 word5 word6 word7 word8 word9 word10 word11 word12 word13 word14 word15 word16 word17 word18 word19 word20 word21 word22 word23 word24 word25 word26 word27 word28 word29 word30 word31 word32 word33 word34 word35 word36 word37 word38 word39 word40 word41 word42 word43 word44 word45 word46 word47 word48 word49 word50 word51 word52 word53 word54 word55 word56 word57 word58 word59 word60 word61 word62 word63 word64 word65 word66 word67 word68 word69\n\nword0 word1 word2 word3 word4 word5 word6 word7 word8 word9 word10 word11 word12 word13 word14 word15 word16 word17 word18 word19 word20 word21 word22 word23 word24 word25 word26 word27 word28 word29 word30 word31 word32 word33 word34 word35 word36 word37 word38 word39 word40 word41 word42 word43 word44 word45 word46 word47 word48 word49 word50 word51 word52 word53 word54 word55 word56 word57 word58 word59 word60 word61 word62 word63 word64 word65 word66 word67 word68 word69\n\nword0 word1 word2 word3 word4 word5 word6 word7 word8 word9 word10 word11 word12 word13 word14 word15 word16 word17 word18 word19 word20 word21 word22 word23 word24 word25 word26 word27 word28 word29 word30 word31 word32 word33 word34 word35 word36 word37 word38 word39 word40 word41 word42 word43 word44 word45 word46 word47 word48 word49 word50 word51 word52 word53 word54 word55 word56 word57 word58 word59 word60 word61 word62 word63 word64 word65 word66 word67 word68 word69\n\nword0 word1 word2 word3 word4 word5 word6 word7 word8 word9 word10 word11 word12 word13 word14 word15 word16 word17 word18 word19 word20 word21 word22 word23 word24 word25 word26 word27 word28 word29 word30 word31 word32 word33 word34 word35 word36 word37 word38 word39 word40 word41 word42 word43 word44 word45 word46 word47 word48 word49 word50 word51 word52 word53 word54 word55 word56 word57 word58 word59 word60 word61 word62 word63 word64 word65 word66 word67 word68 word69\n\nword0 word1 word2 word3 word4 word5 word6 word7 word8 word9 word10 word11 word12 word13 word14 word15 word16 word17 word18 word19 word20 word21 word22 word23 word24 word25 word26 word27 word28 word29 word30 word31 word32 word33 word34 word35 word36 word37 word38 word39 word40 word41 word42 word43 word44 word45 word46 word47 word48 word49 word50 word51 word52 word53 word54 word55 word56 word57 word58 word59 word60 word61 word62 word63 word64 word65 word66 word67 word68 word69\n\nword0 word1 word2 word3 word4 word5 word6 word7 word8 word9 word10 word11 word12 word13 word14 word15 word16 word17 word18 word19 word20 word21 word22 word23 word24 word25 word26 word27 word28 word29 word30 word31 word32 word33 word34 word35 word36 word37 word38 word39 word40 word41 word42 word43 word44 word45 word46 word47 word48 word49 word50 word51 word52 word53 word54 word55 word56 word57 word58 word59 word60 word61 word62 word63 word64 word65 word66 word67 word68 word69\n\nword0 word1 word2 word3 word4 word5 word6 word7 word8 word9 word10 word11 word12 word13 word14 word15 word16 word17 word18 word19 word20 word21 word22 word23 word24 word25 word26 word27 word28 word29 word30 word31 word32 word33 word34 word35 word36 word37 word38 word39 word40 word41 word42 word43 word44 word45 word46 word47 word48 word49 word50 word51 word52 word53 word54 word55 word56 word57 word58 word59 word60 word61 word62 word63 word64 word65 word66 word67 word68 word69",
    "word0 word1 word2 word3 word4 word5 word6 word7 word8 word9 word10 word11 word12 word13 word14 word15 word16 word17 word18 word19 word20 word21 word22 word23 word24 word25 word26 word27 word28 word29 word30 word31 word32 word33 word34 word35 word36 word37 word38 word39 word40 word41 word42 word43 word44 word45 word46 word47 word48 word49 word50 word51 word52 word53 word54 word55 word56 word57 word58 word59 word60 word61 word62 word63 word64 word65 word66 word67 word68 word69\n\nword0 word1 word2 word3 word4 word5 word6 word7 word8 word9 word10 word11 word12 word13 word14 word15 word16 word17 word18 word19 word20 word21 word22 word23 word24 word25 word26 word27 word28 word29 word30 word31 word32 word33 word34 word35 word36 word37 word38 word39 word40 word41 word42 word43 word44 word45 word46 word47 word48 word49 word50 word51 word52 word53 word54 word55 word56 word57 word58 word59 word60 word61 word62 word63 word64 word65 word66 word67 word68 word69\n\nword0 word1 word2 word3 word4 word5 word6 word7 word8 word9 word10 word11 word12 word13 word14 word15 word16 word17 word18 word19 word20 word21 word22 word23 word24 word25 word26 word27 word28 word29 word30 word31 word32 word33 word34 word35 word36 word37 word38 word39 word40 word41 word42 word43 word44 word45 word46 word47 word48 word49 word50 word51 word52 word53 word54 word55 word56 word57 word58 word59 word60 word61 word62 word63 word64 word65 word66 word67 word68 word69\n\nword0 word1 word2 word3 word4 word5 word6 word7 word8 word9 word10 word11 word12 word13 word14 word15 word16 word17 word18 word19 word20 word21 word22 word23 word24 word25 word26 word27 word28 word29 word30 word31 word32 word33 word34 word35 word36 word37 word38 word39 word40 word41 word42 word43 word44 word45 word46 word47 word48 word49 word50 word51 word52 word53 word54 word55 word56 word57 word58 word59 word60 word61 word62 word63 word64 word65 word66 word67 word68 word69\n\nword0 word1 word2 word3 word4 word5 word6 word7 word8 word9 word10 word11 word12 word13 word14 word15 word16 word17 word18 word19 word20 word21 word22 word23 word24 word25 word26 word27 word28 word29 word30 word31 word32 word33 word34 word35 word36 word37 word38 word39 word40 word41 word42 word43 word44 word45 word46 word47 word48 word49 word50 word51 word52 word53 word54 word55 word56 word57 word58 word59 word60 word61 word62 word63 word64 word65 word66 word67 word68 word69\n\nword0 word1 word2 word3 word4 word5 word6 word7 word8 word9 word10 word11 word12 word13 word14 word15 word16 word17 word18 word19 word20 word21 word22 word23 word24 word25 word26 word27 word28 word29 word30 word31 word32 word33 word34 word35 word36 word37 word38 word39 word40 word41 word42 word43 word44 word45 word46 word47 word48 word49 word50 word51 word52 word53 word54 word55 word56 word57 word58 word59 word60 word61 word62 word63 word64 word65 word66 word67 word68 word69\n\nword0 word1 word2 word3 word4 word5 word6 word7 word8 word9 word10 word11 word12 word13 word14 word15 word16 word17 word18 word19 word20 word21 word22 word23 word24 word25 word26 word27 word28 word29 word30 word31 word32 word33 word34 word35 word36 word37 word38 word39 word40 word41 word42 word43 word44 word45 word46 word47 word48 word49 word50 word51 word52 word53 word54 word55 word56 word57 word58 word59 word60 word61 word62 word63 word64 word65 word66 word67 word68 word69",
    "word0 word1 word2 word3 word4 word5 word6 word7 word8 word9 word10 word11 word12 word13 word14 word15 word16 word17 word18 word19 word20 word21 word22 word23 word24 word25 word26 word27 word28 word29 word30 word31 word32 word33 word34 word35 word36 word37 word38 word39 word40 word41 word42 word43 word44 word45 word46 word47 word48 word49 word50 word51 word52 word53 word54 word55 word56 word57 word58 word59 word60 word61 word62 word63 word64 word65 word66 word67 word68 word69\n\nword0 word1 word2 word3 word4 word5 word6 word7 word8 word9 word10 word11 word12 word13 word14 word15 word16 word17 word18 word19 word20 word21 word22 word23 word24 word25 word26 word27 word28 word29 word30 word31 word32 word33 word34 word35 word36 word37 word38 word39 word40 word41 word42 word43 word44 word45 word46 word47 word48 word49 word50 word51 word52 word53 word54 word55 word56 word57 word58 word59 word60 word61 word62 word63 word64 word65 word66 word67 word68 word69\n\nword0 word1 word2 word3 word4 word5 word6 word7 word8 word9 word10 word11 word12 word13 word14 word15 word16 word17 word18 word19 word20 word21 word22 word23 word24 word25 word26 word27 word28 word29 word30 word31 word32 word33 word34 word35 word36 word37 word38 word39 word40 word41 word42 word43 word44 word45 word46 word47 word48 word49 word50 word51 word52 word53 word54 word55 word56 word57 word58 word59 word60 word61 word62 word63 word64 word65 word66 word67 word68 word69\n\nword0 word1 word2 word3 word4 word5 word6 word7 word8 word9 word10 word11 word12 word13 word14 word15 word16 word17 word18 word19 word20 word21 word22 word23 word24 word25 word26 word27 word28 word29 word30 word31 word32 word33 word34 word35 word36 word37 word38 word39 word40 word41 word42 word43 word44 word45 word46 word47 word48 word49 word50 word51 word52 word53 word54 word55 word56 word57 word58 word59 word60 word61 word62 word63 word64 word65 word66 word67 word68 word69\n\nword0 word1 word2 word3 word4 word5 word6 word7 word8 word9 word10 word11 word12 word13 word14 word15 word16 word17 word18 word19 word20 word21 word22 word23 word24 word25 word26 word27 word28 word29 word30 word31 word32 word33 word34 word35 word36 word37 word38 word39 word40 word41 word42 word43 word44 word45 word46 word47 word48 word49 word50 word51 word52 word53 word54 word55 word56 word57 word58 word59 word60 word61 word62 word63 word64 word65 word66 word67 word68 word69\n\nword0 word1 word2 word3 word4 word5 word6 word7 word8 word9 word10 word11 word12 word13 word14 word15 word16 word17 word18 word19 word20 word21 word22 word23 word24 word25 word26 word27 word28 word29 word30 word31 word32 word33 word34 word35 word36 word37 word38 word39 word40 word41 word42 word43 word44 word45 word46 word47 word48 word49 word50 word51 word52 word53 word54 word55 word56 word57 word58 word59 word60 word61 word62 word63 word64 word65 word66 word67 word68 word69\n\nword0 word1 word2 word3 word4 word5 word6 word7 word8 word9 word10 word11 word12 word13 word14 word15 word16 word17 word18 word19 word20 word21 word22 word23 word24 word25 word26 word27 word28 word29 word30 word31 word32 word33 word34 word35 word36 word37 word38 word39 word40 word41 word42 word43 word44 word45 word46 word47 word48 word49 word50 word51 word52 word53 word54 word55 word56 word57 word58 word59 word60 word61 word62 word63 word64 word65 word66 word67 word68 word69",
    "word0 word1 word2 word3 word4 word5 word6 word7 word8 word9 word10 word11 word12 word13 word14 word15 word16 word17 word18 word19 word20 word21 word22 word23 word24 word25 word26 word27 word28 word29 word30 word31 word32 word33 word34 word35 word36 word37 word38 word39 word40 word41 word42 word43 word44 word45 word46 word47 word48 word49 word50 word51 word52 word53 word54 word55 word56 word57 word58 word59 word60 word61 word62 word63 word64 word65 word66 word67 word68 word69\n\nword0 word1 word2 word3 word4 word5 word6 word7 word8 word9 word10 word11 word12 word13 word14 word15 word16 word17 word18 word19 word20 word21 word22 word23 word24 word25 word26 word27 word28 word29 word30 word31 word32 word33 word34 word35 word36 word37 word38 word39 word40 word41 word42 word43 word44 word45 word46 word47 word48 word49 word50 word51 word52 word53 word54 word55 word56 word57 word58 word59 word60 word61 word62 word63 word64 word65 word66 word67 word68 word69\n\nword0 word1 word2 word3 word4 word5 word6 word7 word8 word9 word10 word11 word12 word13 word14 word15 word16 word17 word18 word19 word20 word21 word22 word23 word24 word25 word26 word27 word28 word29 word30 word31 word32 word33 word34 word35 word36 word37 word38 word39 word40 word41 word42 word43 word44 word45 word46 word47 word48 word49 word50 word51 word52 word53 word54 word55 word56 word57 word58 word59 word60 word61 word62 word63 word64 word65 word66 word67 word68 word69\n\nword0 word1 word2 word3 word4 word5 word6 word7 word8 word9 word10 word11 word12 word13 word14 word15 word16 word17 word18 word19 word20 word21 word22 word23 word24 word25 word26 word27 word28 word29 word30 word31 word32 word33 word34 word35 word36 word37 word38 word39 word40 word41 word42 word43 word44 word45 word46 word47 word48 word49 word50 word51 word52 word53 word54 word55 word56 word57 word58 word59 word60 word61 word62 word63 word64 word65 word66 word67 word68 word69\n\nword0 word1 word2 word3 word4 word5 word6 word7 word8 word9 word10 word11 word12 word13 word14 word15 word16 word17 word18 word19 word20 word21 word22 word23 word24 word25 word26 word27 word28 word29 word30 word31 word32 word33 word34 word35 word36 word37 word38 word39 word40 word41 word42 word43 word44 word45 word46 word47 word48 word49 word50 word51 word52 word53 word54 word55 word56 word57 word58 word59 word60 word61 word62 word63 word64 word65 word66 word67 word68 word69\n\nword0 word1 word2 word3 word4 word5 word6 word7 word8 word9 word10 word11 word12 word13 word14 word15 word16 word17 word18 word19 word20 word21 word22 word23 word24 word25 word26 word27 word28 word29 word30 word31 word32 word33 word34 word35 word36 word37 word38 word39 word40 word41 word42 word43 word44 word45 word46 word47 word48 word49 word50 word51 word52 word53 word54 word55 word56 word57 word58 word59 word60 word61 word62 word63 word64 word65 word66 word67 word68 word69\n\nword0 word1 word2 word3 word4 word5 word6 word7 word8 word9 word10 word11 word12 word13 word14 word15 word16 word17 word18 word19 word20 word21 word22 word23 word24 word25 word26 word27 word28 word29 word30 word31 word32 word33 word34 word35 word36 word37 word38 word39 word40 word41 word42 word43 word44 word45 word46 word47 word48 word49 word50 word51 word52 word53 word54 word55 word56 word57 word58 word59 word60 word61 word62 word63 word64 word65 word66 word67 word68 word69",
    "word0 word1 word2 word3 word4 word5 word6 word7 word8 word9 word10 word11 word12 word13 word14 word15 word16 word17 word18 word19 word20 word21 word22 word23 word24 word25 word26 word27 word28 word29 word30 word31 word32 word33 word34 word35 word36 word37 word38 word39 word40 word41 word42 word43 word44 word45 word46 word47 word48 word49 word50 word51 word52 word53 word54 word55 word56 word57 word58 word59 word60 word61 word62 word63 word64 word65 word66 word67 word68 word69\n\nword0 word1 word2 word3 word4 word5 word6 word7 word8 word9 word10 word11 word12 word13 word14 word15 word16 word17 word18 word19 word20 word21 word22 word23 word24 word25 word26 word27 word28 word29 word30 word31 word32 word33 word34 word35 word36 word37 word38 word39 word40 word41 word42 word43 word44 word45 word46 word47 word48 word49 word50 word51 word52 word53 word54 word55 word56 word57 word58 word59 word60 word61 word62 word63 word64 word65 word66 word67 word68 word69"
  ],
  "created": "2025-11-10T06:56:17.733667"
}