{
  "area": "API",
  "scan_time": "2025-11-04T10:26:40Z",
  "duration_seconds": 0,
  "workspace_root": "D:\\PROJECTS\\KDS",
  "endpoints": [
    {
      "base_route": "api/[controller]",
      "endpoints": [],
      "path": "backups/pre-independence-migration/tests/fixtures/mock-project/src/MyApp/Controllers/UsersController.cs"
    },
    {
      "base_route": "api/[controller]",
      "endpoints": [],
      "path": "tests/fixtures/mock-project/src/MyApp/Controllers/UsersController.cs"
    }
  ],
  "statistics": {
    "total_endpoints": 0,
    "total_controllers": 2,
    "http_methods": {}
  },
  "patterns": {
    "routing": "attribute-based",
    "versioning": "url-path",
    "auth": "none"
  }
}
