Pattern Name                      , Pattern Type                                                         , File Location                                            , Lines                 , Blur Value           , Background RGBA            , Border Style     , Shadow Depth     , Use Cases                                          , Occurrences, Migration Priority, Proposed Token , Notes
Multi-Layer Glass Card            , Core Pattern                                                         , glass-patterns.css                                       , 24-120                , 20px                 , "rgba(26, 31, 58, 0.7)"    , Gradient border  , --shadow-glass-md, "Default cards, panels, content containers"        , 40         , CRITICAL          , --glass-blur-md, "PRIMARY pattern - most comprehensive, 4 layers (background + inner glow + hover + animated border)"
Neuglass Card                     , Core Pattern                                                         , glass-patterns.css                                       , 140-220               , 15px                 , "rgba(26, 31, 58, 0.6)"    , Solid subtle     , Neumorphic shadow, "Soft neumorphic cards, alternative aesthetic"     , 5          , MEDIUM            , --glass-blur-sm, Combines neumorphism + glassmorphism
Morphing Glass Card               , Core Pattern                                                         , glass-patterns.css                                       , 240-310               , 20px                 , "rgba(26, 31, 58, 0.7)"    , Gradient animated, --shadow-glass-lg, "Animated panels, interactive elements"            , 8          , MEDIUM            , --glass-blur-md, Uses cubic-bezier(0.34 1.56 0.64 1) elastic transition
Light Leak Glass                  , Core Pattern                                                         , glass-patterns.css                                       , 330-390               , 25px                 , "rgba(26, 31, 58, 0.8)"    , None             , --shadow-glass-md, "Premium cards, feature highlights"                , 3          , LOW               , --glass-blur-lg, Diagonal light leak effect with gradient overlay
Liquid Blob Glass                 , Core Pattern                                                         , glass-patterns.css                                       , 410-480               , 20px                 , "rgba(26, 31, 58, 0.6)"    , Organic shape    , --shadow-glass-sm, "Decorative backgrounds, organic shapes"           , 2          , LOW               , --glass-blur-md, Blob shape with morphing animation
Glass Modal                       , UI Component                                                         , glass-patterns.css                                       , 424-470               , 20px                 , "rgba(26, 31, 58, 0.95)"   , Solid standard   , --shadow-glass-lg, "Modal dialogs, overlays, confirmations"           , 12         , HIGH              , --glass-blur-md, "Overlay: rgba(10 14 39 0.8), high opacity for readability"
Glass Toast                       , UI Component                                                         , glass-patterns.css                                       , 472-520               , 20px                 , "rgba(26, 31, 58, 0.95)"   , Solid accent     , --shadow-glass-lg, "Notifications, alerts, messages"                  , 8          , HIGH              , --glass-blur-md, "4 variants: success (green), warning (yellow), danger (red), info (cyan)"
Glass Drawer                      , UI Component                                                         , glass-patterns.css                                       , 521-560               , 20px                 , "rgba(26, 31, 58, 0.85)"   , Solid standard   , --shadow-glass-lg, "Side navigation, filters, metadata"               , 4          , MEDIUM            , --glass-blur-md, "2 variants: left/right, slide-in animation"
Glass Dropdown                    , UI Component                                                         , glass-patterns.css                                       , 561-610               , 10px                 , "rgba(26, 31, 58, 0.95)"   , Solid subtle     , --shadow-glass-md, "Select menus, context menus, dropdowns"           , 10         , MEDIUM            , --glass-blur-sm, Dropdown items with hover cyan accent
Glass Tooltip                     , UI Component                                                         , glass-patterns.css                                       , 618-660               , 10px                 , "rgba(0, 0, 0, 0.95)"      , None             , --shadow-glass-sm, "Tooltips, help text, hints"                       , 6          , LOW               , --glass-blur-sm, Small compact tooltip with arrow
Tetris Panel                      , Layout Pattern                                                       , lens/index.html (inline)                                 , 45-83                 , 20px                 , "rgba(26, 31, 58, 0.7)"    , Solid subtle     , --shadow-glass-md, "Compact metrics grid, dashboard tiles"            , 1          , CRITICAL          , --glass-blur-md, "⚠️ INLINE STYLES - Must extract to glass-named-panels.css as .panel-tetris"
Glass Card (main.css)             , Base Pattern                                                         , main.css                                                 , 769-825               , 10px                 , "rgba(26, 31, 58, 0.7)"    , Solid subtle     , --shadow-glass-md, "General purpose cards, sections"                  , 25         , HIGH              , --glass-blur-sm, Simplified version of Multi-Layer Glass Card
Glass Card Flat                   , Base Pattern                                                         , main.css                                                 , 788-796               , None                 , "rgba(26, 31, 58, 0.8)"    , Solid standard   , None             , "Flat cards without blur, fallback for performance", 3          , MEDIUM            , N/A            , Performance-optimized variant (no backdrop-filter)
Glass Card Clickable              , Interactive Pattern                                                  , learning-hub.css                                         , 985-997               , 20px                 , "rgba(26, 31, 58, 0.6)"    , Gradient border  , --shadow-glass-lg, "Interactive cards, clickable panels, CTAs"        , 5          , MEDIUM            , --glass-blur-md, Hover transform + icon color change + badge glow
Glass Header                      , Layout Pattern                                                       , main.css                                                 , 2235-2320             , 10px                 , "rgba(26, 31, 58, 0.9)"    , Solid subtle     , --shadow-glass-md, "Page headers, navigation bars"                    , 1          , MEDIUM            , --glass-blur-sm, Sticky header with high opacity for readability
Glass Footer                      , Layout Pattern                                                       , main.css                                                 , 2328-2410             , 10px                 , "rgba(26, 31, 58, 0.8)"    , Solid subtle     , --shadow-glass-sm, "Page footers, copyright sections"                 , 1          , LOW               , --glass-blur-sm, Standard footer styling
Glass Table                       , UI Component                                                         , main.css                                                 , 3787-3850             , None                 , "rgba(26, 31, 58, 0.7)"    , Solid subtle     , None             , "Data tables, grids, listings"                     , 2          , LOW               , N/A            , "No blur (performance), row hover highlight"
Glass Strong                      , Technical Docs                                                       , glassmorphism.css                                        , 98-150                , 10px                 , "rgba(26, 31, 58, 0.8)"    , Solid standard   , --shadow-glass-md, "Technical documentation, code panels"             , 4          , LOW               , --glass-blur-sm, Higher opacity for code readability
Panel Header Centered             , Layout Pattern                                                       , index-multipanel.css                                     , 122-145               , 20px                 , "rgba(26, 31, 58, 0.7)"    , Gradient border  , --shadow-glass-lg, "Hero headers, centered titles"                    , 3          , MEDIUM            , --glass-blur-md, Large centered header with gradient accent
Panel Title Main                  , Typography Pattern                                                   , index-multipanel.css                                     , 127-140               , N/A                  , Inherit                    , None             , None             , "Main titles within panels"                        , 10         , LOW               , N/A            , Typography style (not full glassmorphism)
Panel Subtitle Main               , Typography Pattern                                                   , index-multipanel.css                                     , 141-150               , N/A                  , Inherit                    , None             , None             , "Subtitles within panels"                          , 10         , LOW               , N/A            , Typography style (not full glassmorphism)
Story Viewer Card                 , Feature Pattern                                                      , story-viewer.css                                         , 37-90                 , 10px                 , "rgba(255, 255, 255, 0.1)" , Solid subtle     , --shadow-glass-sm, "Story cards, narrative sections"                  , 6          , MEDIUM            , --glass-blur-sm, Light glass variant for story content
Story Timeline                    , Feature Pattern                                                      , story-viewer.css                                         , 138-220               , 5px                  , "rgba(255, 255, 255, 0.05)", Solid subtle     , --shadow-glass-sm, "Timeline elements, progress indicators"           , 4          , LOW               , --glass-blur-sm, Minimal blur for performance
FAQ Card                          , Feature Pattern                                                      , faq.css                                                  , 42-100                , 12px                 , "rgba(255, 255, 255, 0.05)", Solid subtle     , --shadow-glass-sm, "FAQ questions, accordion panels"                  , 8          , MEDIUM            , --glass-blur-md, Accordion expand/collapse with blur transition
STS Panel                         , Feature Pattern                                                      , sts.css                                                  , 47-320                , 10px                 , "rgba(26, 31, 58, 0.7)"    , Solid standard   , --shadow-glass-md, "Story tracking system panels"                     , 10         , MEDIUM            , --glass-blur-sm, Multiple glass panels for tracking interface
Token Metrics Tetris              , Grid Pattern                                                         , lens/index.html (inline)                                 , 50-80                 , 20px                 , Inherit                    , None             , None             , "Metric tiles in tetris grid"                      , 1          , CRITICAL          , --glass-blur-md, ⚠️ Part of inline Tetris Panel - extract together
Auto-Generated (CORTEX Lens)      , Generated                                                            , cortex-lens-output/CORTEX/cortex-unified.css             , 109-262               , 10px                 , "rgba(26, 31, 58, 0.7)"    , Solid subtle     , --shadow-glass-md, "CORTEX Lens generated output"                     , N/A        , EXCLUDED          , N/A            , ⚠️ DO NOT EDIT - Update CORTEX Lens template instead
Auto-Generated (Test Repo)        , Generated                                                            , cortex-lens-output/test-repo/cortex-unified.css          , 109-262               , 10px                 , "rgba(26, 31, 58, 0.7)"    , Solid subtle     , --shadow-glass-md, "Test repo lens output"                            , N/A        , EXCLUDED          , N/A            , ⚠️ DO NOT EDIT - Update CORTEX Lens template instead
Auto-Generated (Mock Landing)     , Generated                                                            , cortex-lens-output/mock-landing/assets/cortex-unified.css, 62-354                , 20px                 , "rgba(26, 31, 58, 0.6)"    , Gradient border  , --shadow-glass-lg, "Mock landing page output"                         , N/A        , EXCLUDED          , N/A            , ⚠️ DO NOT EDIT - Update CORTEX Lens template instead

SUMMARY STATISTICS                ,                                                                      ,                                                          ,                       ,                      ,                            ,                  ,                  ,                                                    ,            ,                   , 
Total Patterns Catalogued         , 30                                                                   ,                                                          ,                       ,                      ,                            ,                  ,                  ,                                                    ,            , 
Core Patterns (glass-patterns.css), 5                                                                    ,                                                          ,                       ,                      ,                            ,                  ,                  ,                                                    ,            , 
UI Components (glass-patterns.css), 5                                                                    ,                                                          ,                       ,                      ,                            ,                  ,                  ,                                                    ,            , 
Layout Patterns                   , 6                                                                    ,                                                          ,                       ,                      ,                            ,                  ,                  ,                                                    ,            , 
Feature-Specific Patterns         , 8                                                                    ,                                                          ,                       ,                      ,                            ,                  ,                  ,                                                    ,            , 
Auto-Generated (Excluded)         , 3                                                                    ,                                                          ,                       ,                      ,                            ,                  ,                  ,                                                    ,            , 
Typography Patterns (Non-Glass)   , 2                                                                    ,                                                          ,                       ,                      ,                            ,                  ,                  ,                                                    ,            , 
Total Occurrences Across Files    , 150+                                                                 ,                                                          ,                       ,                      ,                            ,                  ,                  ,                                                    ,            , 
CRITICAL Priority                 , 3                                                                    , Tetris Panel (inline)                                    , Multi-Layer Glass Card, Glass Card (main.css),                            ,                  ,                  ,                                                    ,            , 
HIGH Priority                     , 3                                                                    , Glass Modal                                              , Glass Toast           , Glass Card (main.css),                            ,                  ,                  ,                                                    ,            , 
MEDIUM Priority                   , 12                                                                   , Various feature patterns + UI components                 ,                       ,                      ,                            ,                  ,                  , 
LOW Priority                      , 9                                                                    , Tooltips                                                 , footers               , typography           , story timeline             ,                  ,                  ,                                                    ,            ,                   , 
EXCLUDED                          , 3                                                                    , Auto-generated CORTEX Lens output files                  ,                       ,                      ,                            ,                  ,                  , 

MIGRATION NOTES                   ,                                                                      ,                                                          ,                       ,                      ,                            ,                  ,                  ,                                                    ,            ,                   , 
Blur Consolidation                , "5 variants → 3 tiers (60% reduction)"                               ,                                                          ,                       ,                      ,                            ,                  ,                  ,                                                    ,            , 
Pattern Duplication               , "Multi-Layer Glass Card duplicated 8+ times across files"            ,                                                          ,                       ,                      ,                            ,                  ,                  ,                                                    ,            , 
Inline Styles                     , 1 file (lens/index.html) - MUST EXTRACT                              ,                                                          ,                       ,                      ,                            ,                  ,                  ,                                                    ,            , 
Auto-Generated Files              , 3 files - Update CORTEX Lens template instead of editing directly    ,                                                          ,                       ,                      ,                            ,                  ,                  ,                                                    ,            , 
Naming Conflicts                  , ".glass-card used for 8+ different layouts - needs semantic naming"  ,                                                          ,                       ,                      ,                            ,                  ,                  ,                                                    ,            , 
Performance Impact                , "50+ backdrop-filter declarations - HIGH GPU cost on low-end devices",                                                          ,                       ,                      ,                            ,                  ,                  ,                                                    ,            , 
Design Token Gap                  , "Most values are hardcoded - need CSS variables for all patterns"    ,                                                          ,                       ,                      ,                            ,                  ,                  ,                                                    ,            , 
