{
  "application": {
    "name": "CORTEX",
    "framework": "Browser-Native (SQL.js + TypeScript) + PowerShell",
    "language": "TypeScript/Python/PowerShell",
    "rootPath": "",
    "buildCommand": "npm run build",
    "runCommand": "npm run dev"
  },
  "machines": {
    "": {
      "comment": "Add your machine hostname here for automatic path resolution",
      "rootPath": "",
      "brainPath": ""
    },
    "Asifs-MacBook-Pro.local": {
      "rootPath": "/Users/asifhussain/PROJECTS/CORTEX",
      "brainPath": "/Users/asifhussain/PROJECTS/CORTEX/cortex-brain"
    },
    "AHHOME": {
      "rootPath": "D:\\PROJECTS\\CORTEX",
      "brainPath": "D:\\PROJECTS\\CORTEX\\cortex-brain"
    }
  },
  "testing": {
    "framework": "None",
    "configPath": "",
    "orchestrationPattern": "none",
    "orchestrationScript": "",
    "healthCheckUrl": "",
    "healthCheckTimeout": 30,
    "testCommand": "",
    "headlessDefault": false
  },
  "database": {
    "provider": "None",
    "connectionStringKey": "",
    "testSessionId": null,
    "testHostToken": ""
  },
  "governance": {
    "autoChainTasks": true,
    "autoChainPhases": false,
    "requireBuildValidation": false,
    "requireGitValidation": true,
    "testQualityThreshold": 70
  },
  "token_optimization": {
    "enabled": true,
    "soft_limit": 40000,
    "hard_limit": 50000,
    "target_reduction": 0.6,
    "quality_threshold": 0.9,
    "cache_check_frequency": 5
  },
  "portability": {
    "version": "5.0.0",
    "lastUpdated": "2025-11-06",
    "configSchema": "cortex-config-v5.0",
    "setupCompleted": true
  },
  "vision_api": {
    "enabled": true,
    "max_tokens_per_image": 500,
    "warn_threshold_tokens": 400,
    "max_image_size_bytes": 2000000,
    "downscale_threshold": 1920,
    "jpeg_quality": 85,
    "cache_analysis_results": true,
    "cache_ttl_hours": 24
  },
  "story_refresh": {
    "enabled": true,
    "target_read_time_min": 25,
    "target_read_time_max": 30,
    "words_per_minute": 200,
    "tolerance_percent": 7,
    "extended_tolerance_percent": 20,
    "enforce_validation": true,
    "fail_on_critical_length": false
  },
  "plugins": {
    "cleanup_plugin": {
      "enabled": true,
      "dry_run": true,
      "auto_cleanup_on_startup": false,
      "temp_patterns": [
        "*.tmp",
        "*.temp",
        "*~",
        "*.swp",
        "*.swo",
        "*.bak",
        "*.old",
        "*.orig",
        "*.rej",
        ".DS_Store",
        "Thumbs.db",
        "desktop.ini"
      ],
      "backup_patterns": [
        "*.bak",
        "*.backup",
        "*.old",
        "*_backup_*",
        "*_old_*",
        "*.orig"
      ],
      "cache_dirs": [
        "__pycache__",
        ".pytest_cache",
        ".mypy_cache",
        "node_modules/.cache",
        ".cache",
        "dist",
        "build",
        "*.egg-info"
      ],
      "preserve_patterns": [
        "*.keep",
        ".gitkeep",
        "LICENSE",
        "README*",
        "CHANGELOG*",
        ".git/",
        ".gitignore",
        "cortex-brain/",
        "src/",
        "tests/",
        "docs/",
        "prompts/",
        "workflows/",
        "scripts/"
      ],
      "max_temp_age_days": 7,
      "max_log_age_days": 30,
      "max_backup_age_days": 14,
      "min_duplicate_size_kb": 10,
      "large_file_threshold_mb": 100,
      "compress_old_archives": true,
      "enforce_structure": true,
      "detect_orphans": true
    },
    "doc_refresh_plugin": {
      "enabled": true,
      "auto_refresh": false
    },
    "configuration_wizard_plugin": {
      "enabled": true
    }
  }
}