{
  "scan_time": "2025-11-06T12:40:20Z",
  "entities": [
    {
      "file": "C:/TEMP/ksessions-simulation/Source Code/IssueTrackerApp/Api/Data/IssueTrackerContext.cs",
      "dbset_name": "Applications",
      "relationships": [],
      "properties": [],
      "name": "Application"
    },
    {
      "file": "C:/TEMP/ksessions-simulation/Source Code/IssueTrackerApp/Api/Data/IssueTrackerContext.cs",
      "dbset_name": "Issues",
      "relationships": [],
      "properties": [],
      "name": "Issue"
    },
    {
      "file": "C:/TEMP/ksessions-simulation/Source Code/IssueTrackerApp/Api/Data/IssueTrackerContext.cs",
      "dbset_name": "IssueArchives",
      "relationships": [],
      "properties": [],
      "name": "IssueArchive"
    }
  ],
  "sql_schema_files": [
    {
      "file_size_kb": 0,
      "estimated_lines": 60,
      "file": "C:/TEMP/ksessions-simulation/Documentation/Database/create-ahadees-table.sql",
      "tables_referenced": [
        "CREATE",
        "functionality",
        "if",
        "objects",
        "created",
        "Ahadees"
      ],
      "statement_counts": {
        "drop_table": 2,
        "create_procedure": 0,
        "update": 0,
        "alter_table": 0,
        "create_index": 0,
        "create_function": 0,
        "create_view": 0,
        "select": 1,
        "create_table": 1,
        "insert": 1,
        "delete": 0
      },
      "type": "mixed"
    },
    {
      "file_size_kb": 0,
      "estimated_lines": 116,
      "file": "C:/TEMP/ksessions-simulation/Documentation/Database/create-sp-SaveAhadeesNew.sql",
      "tables_referenced": [
        "CREATE",
        "sp_SaveAhadeesNew",
        "existing",
        "objects",
        "reference",
        "Ahadees"
      ],
      "statement_counts": {
        "drop_table": 0,
        "create_procedure": 1,
        "update": 0,
        "alter_table": 0,
        "create_index": 0,
        "create_function": 0,
        "create_view": 0,
        "select": 2,
        "create_table": 0,
        "insert": 1,
        "delete": 0
      },
      "type": "mixed"
    },
    {
      "file_size_kb": 0,
      "estimated_lines": 64,
      "file": "C:/TEMP/ksessions-simulation/Workspaces/SCRIPTS/SQL/Backup Restore KSESSIONS/CREATE_DEV_ENV.sql",
      "tables_referenced": [
        "database_files",
        "databases",
        "DISK"
      ],
      "statement_counts": {
        "drop_table": 0,
        "create_procedure": 0,
        "update": 0,
        "alter_table": 0,
        "create_index": 0,
        "create_function": 0,
        "create_view": 0,
        "select": 4,
        "create_table": 0,
        "insert": 0,
        "delete": 0
      },
      "type": "unknown"
    }
  ],
  "providers": "SQLite",
  "connection_strings": [
    {
      "name": "DefaultConnection",
      "server": "issuetracker.db",
      "source_file": "C:/TEMP/ksessions-simulation/Source Code/IssueTrackerApp/Api/appsettings.json",
      "database": "issuetracker.db",
      "raw": "Data Source=issuetracker.db",
      "environment": "Default",
      "authentication": "unknown",
      "provider": "SQLite"
    }
  ],
  "migrations": null,
  "sql_data_files": [
    {
      "file_size_kb": 0,
      "estimated_lines": 806,
      "file": "C:/TEMP/ksessions-simulation/Database/Ahadees_Database_Normalization_Script.sql",
      "tables_referenced": [
        "foreign_keys",
        "a",
        "using",
        "AhadeesSubjectCategories",
        "AhadeesNarrators",
        "vw_AhadeesComplete",
        "SubjectTokens",
        "UPDATE",
        "AhadeesSubjectTags",
        "tag",
        "NarratorId",
        "application",
        "with",
        "CleanedNarrators",
        "n",
        "Ahadees",
        "narrator",
        "t",
        "AhadeesTagMaps",
        "AhadeesTagMappings",
        "USAGE"
      ],
      "statement_counts": {
        "drop_table": 8,
        "create_procedure": 1,
        "update": 4,
        "alter_table": 15,
        "create_index": 10,
        "create_function": 0,
        "create_view": 2,
        "select": 40,
        "create_table": 4,
        "insert": 6,
        "delete": 0
      },
      "type": "mixed"
    },
    {
      "file_size_kb": 0,
      "estimated_lines": 541,
      "file": "C:/TEMP/ksessions-simulation/Database/etymology-database-migration.sql",
      "tables_referenced": [
        "Derivatives",
        "indexes",
        "temp",
        "inserted",
        "e",
        "for",
        "if",
        "parent",
        "OPENJSON",
        "INSERT",
        "d",
        "SearchText",
        "existing",
        "columns",
        "Etymology"
      ],
      "statement_counts": {
        "drop_table": 1,
        "create_procedure": 4,
        "update": 6,
        "alter_table": 8,
        "create_index": 0,
        "create_function": 0,
        "create_view": 0,
        "select": 26,
        "create_table": 1,
        "insert": 2,
        "delete": 0
      },
      "type": "mixed"
    },
    {
      "file_size_kb": 0,
      "estimated_lines": 91,
      "file": "C:/TEMP/ksessions-simulation/Database/Fix_Arabic_Etymology_Data.sql",
      "tables_referenced": [
        "Roots",
        "any",
        "derivatives",
        "Issue"
      ],
      "statement_counts": {
        "drop_table": 0,
        "create_procedure": 0,
        "update": 35,
        "alter_table": 0,
        "create_index": 0,
        "create_function": 0,
        "create_view": 0,
        "select": 1,
        "create_table": 0,
        "insert": 0,
        "delete": 0
      },
      "type": "data"
    },
    {
      "file_size_kb": 0,
      "estimated_lines": 98,
      "file": "C:/TEMP/ksessions-simulation/Database/Fix_Both_KQUR_Databases.sql",
      "tables_referenced": [
        "derivatives"
      ],
      "statement_counts": {
        "drop_table": 0,
        "create_procedure": 0,
        "update": 48,
        "alter_table": 0,
        "create_index": 0,
        "create_function": 0,
        "create_view": 0,
        "select": 2,
        "create_table": 0,
        "insert": 0,
        "delete": 0
      },
      "type": "data"
    },
    {
      "file_size_kb": 0,
      "estimated_lines": 196,
      "file": "C:/TEMP/ksessions-simulation/Workspaces/SCRIPTS/SQL/SqlDataChanges.sql",
      "tables_referenced": [
        "sysobjects",
        "STRING_SPLIT",
        "objects",
        "tokens",
        "already",
        "SessionTokens",
        "created"
      ],
      "statement_counts": {
        "drop_table": 2,
        "create_procedure": 5,
        "update": 0,
        "alter_table": 0,
        "create_index": 0,
        "create_function": 0,
        "create_view": 0,
        "select": 18,
        "create_table": 2,
        "insert": 4,
        "delete": 3
      },
      "type": "mixed"
    },
    {
      "file_size_kb": 0,
      "estimated_lines": 390,
      "file": "C:/TEMP/ksessions-simulation/Database/KQUR_DEV_DML_Operations.sql",
      "tables_referenced": [
        "indexes",
        "Ahadees_Snapshot_Current",
        "procedures",
        "dm_db_index_physical_stats",
        "tables",
        "DuplicateCheck",
        "statistics",
        "sample_cursor",
        "Ahadees"
      ],
      "statement_counts": {
        "drop_table": 1,
        "create_procedure": 0,
        "update": 0,
        "alter_table": 0,
        "create_index": 0,
        "create_function": 0,
        "create_view": 0,
        "select": 21,
        "create_table": 0,
        "insert": 1,
        "delete": 0
      },
      "type": "data"
    },
    {
      "file_size_kb": 0,
      "estimated_lines": 101,
      "file": "C:/TEMP/ksessions-simulation/Workspaces/SCRIPTS/SQL/GenerateInsertStatements.sql",
      "tables_referenced": [
        "columns",
        "TABLES",
        "has",
        "schemas",
        "table_cursor"
      ],
      "statement_counts": {
        "drop_table": 0,
        "create_procedure": 0,
        "update": 0,
        "alter_table": 0,
        "create_index": 0,
        "create_function": 0,
        "create_view": 0,
        "select": 8,
        "create_table": 0,
        "insert": 1,
        "delete": 0
      },
      "type": "data"
    }
  ],
  "area": "Database",
  "statistics": {
    "total_entities": 3,
    "total_relationships": 0,
    "total_sql_schema_files": 3,
    "total_migrations": 0,
    "total_connections": 1,
    "total_sql_data_files": 7
  },
  "duration_seconds": 11,
  "workspace_root": "C:\\Temp\\ksessions-simulation"
}
