{
  "providers": "SQLite",
  "sql_data_files": [
    {
      "statement_counts": {
        "create_procedure": 1,
        "delete": 0,
        "drop_table": 8,
        "insert": 6,
        "update": 4,
        "select": 40,
        "create_function": 0,
        "create_index": 10,
        "alter_table": 15,
        "create_table": 4,
        "create_view": 2
      },
      "file": "Database/Ahadees_Database_Normalization_Script.sql",
      "estimated_lines": 806,
      "tables_referenced": [
        "foreign_keys",
        "with",
        "NarratorId",
        "tag",
        "AhadeesTagMaps",
        "AhadeesNarrators",
        "a",
        "AhadeesTagMappings",
        "USAGE",
        "AhadeesSubjectCategories",
        "SubjectTokens",
        "application",
        "t",
        "narrator",
        "vw_AhadeesComplete",
        "CleanedNarrators",
        "using",
        "n",
        "UPDATE",
        "Ahadees",
        "AhadeesSubjectTags"
      ],
      "type": "mixed",
      "file_size_kb": 35.77
    },
    {
      "statement_counts": {
        "create_procedure": 4,
        "delete": 0,
        "drop_table": 1,
        "insert": 2,
        "update": 6,
        "select": 26,
        "create_function": 0,
        "create_index": 0,
        "alter_table": 8,
        "create_table": 1,
        "create_view": 0
      },
      "file": "Database/etymology-database-migration.sql",
      "estimated_lines": 541,
      "tables_referenced": [
        "indexes",
        "INSERT",
        "parent",
        "Derivatives",
        "for",
        "if",
        "columns",
        "SearchText",
        "Etymology",
        "existing",
        "e",
        "OPENJSON",
        "d",
        "temp",
        "inserted"
      ],
      "type": "mixed",
      "file_size_kb": 16.94
    },
    {
      "statement_counts": {
        "create_procedure": 0,
        "delete": 0,
        "drop_table": 0,
        "insert": 0,
        "update": 35,
        "select": 1,
        "create_function": 0,
        "create_index": 0,
        "alter_table": 0,
        "create_table": 0,
        "create_view": 0
      },
      "file": "Database/Fix_Arabic_Etymology_Data.sql",
      "estimated_lines": 91,
      "tables_referenced": [
        "Issue",
        "derivatives",
        "Roots",
        "any"
      ],
      "type": "data",
      "file_size_kb": 4.35
    },
    {
      "statement_counts": {
        "create_procedure": 0,
        "delete": 0,
        "drop_table": 0,
        "insert": 0,
        "update": 48,
        "select": 2,
        "create_function": 0,
        "create_index": 0,
        "alter_table": 0,
        "create_table": 0,
        "create_view": 0
      },
      "file": "Database/Fix_Both_KQUR_Databases.sql",
      "estimated_lines": 98,
      "tables_referenced": [
        "derivatives"
      ],
      "type": "data",
      "file_size_kb": 5.5
    },
    {
      "statement_counts": {
        "create_procedure": 38,
        "delete": 3,
        "drop_table": 0,
        "insert": 6502,
        "update": 1,
        "select": 17,
        "create_function": 4,
        "create_index": 0,
        "alter_table": 0,
        "create_table": 13,
        "create_view": 2
      },
      "file": "Workspaces/DATA/DB SCRIPTS/KQUR_Schema_Data.sql",
      "estimated_lines": 7188,
      "tables_referenced": [
        "sending",
        "beneath",
        "fragments",
        "grasping",
        "disputes",
        "charity",
        "with",
        "heat",
        "account",
        "great",
        "papersheets",
        "man",
        "completing",
        "within",
        "extreme",
        "graves",
        "any",
        "prison",
        "bondage",
        "polytheism",
        "through",
        "the",
        "sexual",
        "Narrators",
        "among",
        "men",
        "night",
        "off",
        "scattered",
        "whatever",
        "he",
        "Fir",
        "quarrelling",
        "dry",
        "illegal",
        "corruption",
        "th",
        "apes",
        "semen",
        "Egypt",
        "stage",
        "righteousness",
        "hearing",
        "their",
        "Roots",
        "ease",
        "Allah",
        "mercy",
        "doing",
        "carrying",
        "one",
        "Ourselves",
        "AhadeesSubjectCategories",
        "Saba",
        "out",
        "trial",
        "sects",
        "Pharaoh",
        "Us",
        "a",
        "sins",
        "your",
        "His",
        "seven",
        "animals",
        "reaching",
        "between",
        "sight",
        "nations",
        "aggress",
        "darkness",
        "new",
        "close",
        "God",
        "Thee",
        "AhadeesTagMappings",
        "morn",
        "blundering",
        "which",
        "guilt",
        "burning",
        "committi",
        "struggling",
        "perdition",
        "gar",
        "sunrise",
        "truth",
        "suffering",
        "good",
        "CONTENT",
        "below",
        "lewd",
        "yourselves",
        "our",
        "Ibrah",
        "underneath",
        "themselves",
        "impure",
        "dust",
        "Ban",
        "war",
        "each",
        "evil",
        "Faith",
        "killing",
        "guidance",
        "hypocrisy",
        "Yemen",
        "ruin",
        "Him",
        "another",
        "utter",
        "falsehood",
        "her",
        "accepting",
        "want",
        "thy",
        "demanding",
        "you",
        "QuranVerses",
        "evildoers",
        "temptations",
        "everyone",
        "nothingness",
        "three",
        "natural",
        "behind",
        "contact",
        "Satan",
        "tasting",
        "unsullied",
        "death",
        "some",
        "view",
        "clay",
        "two",
        "life",
        "monkeys",
        "Sheba",
        "Jerusalem",
        "directions",
        "me",
        "marrying",
        "praying",
        "thence",
        "fire",
        "fear",
        "it",
        "sin",
        "afar",
        "following",
        "sinning",
        "them",
        "sysdiagrams",
        "this",
        "believing",
        "alms",
        "falling",
        "conveying",
        "al",
        "twelve",
        "yourself",
        "under",
        "executing",
        "Noah",
        "h",
        "opposite",
        "anything",
        "before",
        "spread",
        "justice",
        "water",
        "waves",
        "Ahadees",
        "usury",
        "prayer",
        "ascribing",
        "parts",
        "admonition",
        "anguish",
        "vegetation",
        "Solomon",
        "taking",
        "hand",
        "abroad",
        "easy",
        "fighting",
        "destructio",
        "Way",
        "folly",
        "sounding",
        "those",
        "effect",
        "changing",
        "being",
        "anyone",
        "con",
        "aught",
        "partners",
        "none",
        "seeing",
        "uttering",
        "coming",
        "people",
        "Islam",
        "chaff",
        "Derivatives",
        "travel",
        "destruction",
        "light",
        "there",
        "therein",
        "grievous",
        "73",
        "Muhammad",
        "giving",
        "monk",
        "others",
        "either",
        "Mount",
        "my",
        "animal",
        "beggin",
        "f_split",
        "outside",
        "thyself",
        "heaven",
        "preaching",
        "broken",
        "other",
        "distress",
        "all",
        "olden",
        "understanding",
        "angels",
        "paradise",
        "blame",
        "prostrating",
        "Gardens",
        "countless",
        "what",
        "rust",
        "disbelief",
        "mankind",
        "castes",
        "various",
        "thinking",
        "something",
        "speech",
        "places",
        "pun",
        "obligations",
        "mid",
        "goodly",
        "error",
        "base",
        "about",
        "Himself",
        "QuranSurahs",
        "disbelievers",
        "Hell",
        "20",
        "going",
        "QuranAyats",
        "performing",
        "David",
        "spending",
        "Makkah",
        "above",
        "Adam",
        "battle",
        "t",
        "eating",
        "every",
        "abandoning",
        "Tabuk",
        "loathsome",
        "AhadeesSubjectTags",
        "wheresoever",
        "trade",
        "hard",
        "so",
        "without",
        "existence",
        "wherever",
        "now",
        "danger",
        "far",
        "belief",
        "whom",
        "unbelieving",
        "amongst",
        "that",
        "an",
        "women",
        "its",
        "someone",
        "here",
        "thirst",
        "dispute",
        "AhadeesNarrators",
        "16",
        "sleep",
        "Islamic",
        "looking",
        "Nuh",
        "attaining",
        "ever",
        "nothing",
        "asking",
        "day",
        "worshipping",
        "remembering"
      ],
      "type": "mixed",
      "file_size_kb": 17792.38
    },
    {
      "statement_counts": {
        "create_procedure": 140,
        "delete": 31,
        "drop_table": 0,
        "insert": 7714,
        "update": 0,
        "select": 94,
        "create_function": 5,
        "create_index": 0,
        "alter_table": 0,
        "create_table": 42,
        "create_view": 6
      },
      "file": "Workspaces/DATA/DB SCRIPTS/KSESSIONS_Schema_Data.sql",
      "estimated_lines": 9967,
      "tables_referenced": [
        "tokens",
        "more",
        "vuSessionLastAccess",
        "SessionDoctrines",
        "t",
        "making",
        "SummaryTags",
        "Groups_ImageBackup",
        "style",
        "HubPreloader",
        "him",
        "sp_SaveTranscriptWorkspace",
        "what",
        "IPLocationData",
        "SessionA",
        "CONTENT",
        "the",
        "Participants",
        "Adm",
        "Speakers",
        "Families",
        "SessionData",
        "them",
        "Encouraged",
        "Gro",
        "day",
        "Nahjul",
        "existence",
        "attachment",
        "AuthProfile",
        "achieving",
        "Europe",
        "SessionTokens",
        "his",
        "I",
        "trouble",
        "these",
        "Karbala",
        "SessionFeedback",
        "SessionSummary",
        "Ses",
        "three",
        "TopicDoctrines",
        "UPDA",
        "AuditLogs",
        "kids",
        "SecurityAuditLog",
        "Past",
        "esoteric",
        "an",
        "SessionQuiz",
        "ResourceCatalog",
        "CREATE",
        "existing",
        "Groups",
        "guidance",
        "AppSettings",
        "Vices",
        "believing",
        "today",
        "Sessio",
        "Sessions",
        "__EFMigrationsHistory",
        "Jinn",
        "GroupMembers",
        "component",
        "their",
        "Grace",
        "death",
        "flowers",
        "every",
        "pride",
        "Heedlessness",
        "effect",
        "serpents",
        "how",
        "SessionFeedbackScores",
        "SystemConfiguration",
        "calamities",
        "ZHubFeedbackQuestions",
        "clay",
        "within",
        "HubUserQuestions",
        "ZHubFeedbackTypes",
        "this",
        "2726",
        "odd",
        "Body",
        "345",
        "grief",
        "spirituality",
        "AssetLookup",
        "why",
        "its",
        "sysdiagrams",
        "AuditCodeTypes",
        "poverty",
        "70",
        "SessionTranscripts",
        "HubSessionData",
        "Allah",
        "one",
        "speech",
        "Categories",
        "a",
        "ExceptionLogs",
        "all",
        "another",
        "SessionAccess",
        "2",
        "Members",
        "two",
        "variable",
        "us",
        "db",
        "which",
        "Countries",
        "our",
        "hiding",
        "f_split",
        "creation",
        "TranscriptWorkspaceContents",
        "TranscriptWorkspaces",
        "SessionImages",
        "various",
        "Of",
        "master"
      ],
      "type": "mixed",
      "file_size_kb": 11209.67
    },
    {
      "statement_counts": {
        "create_procedure": 5,
        "delete": 3,
        "drop_table": 2,
        "insert": 4,
        "update": 0,
        "select": 18,
        "create_function": 0,
        "create_index": 0,
        "alter_table": 0,
        "create_table": 2,
        "create_view": 0
      },
      "file": "Workspaces/SCRIPTS/SQL/SqlDataChanges.sql",
      "estimated_lines": 196,
      "tables_referenced": [
        "created",
        "already",
        "STRING_SPLIT",
        "SessionTokens",
        "sysobjects",
        "objects",
        "tokens"
      ],
      "type": "mixed",
      "file_size_kb": 5.89
    },
    {
      "statement_counts": {
        "create_procedure": 0,
        "delete": 0,
        "drop_table": 1,
        "insert": 1,
        "update": 0,
        "select": 21,
        "create_function": 0,
        "create_index": 0,
        "alter_table": 0,
        "create_table": 0,
        "create_view": 0
      },
      "file": "Database/KQUR_DEV_DML_Operations.sql",
      "estimated_lines": 390,
      "tables_referenced": [
        "procedures",
        "indexes",
        "DuplicateCheck",
        "Ahadees",
        "tables",
        "dm_db_index_physical_stats",
        "sample_cursor",
        "Ahadees_Snapshot_Current",
        "statistics"
      ],
      "type": "data",
      "file_size_kb": 13.39
    },
    {
      "statement_counts": {
        "create_procedure": 0,
        "delete": 0,
        "drop_table": 0,
        "insert": 1,
        "update": 0,
        "select": 8,
        "create_function": 0,
        "create_index": 0,
        "alter_table": 0,
        "create_table": 0,
        "create_view": 0
      },
      "file": "Workspaces/SCRIPTS/SQL/GenerateInsertStatements.sql",
      "estimated_lines": 101,
      "tables_referenced": [
        "TABLES",
        "schemas",
        "columns",
        "table_cursor",
        "has"
      ],
      "type": "data",
      "file_size_kb": 3.79
    },
    {
      "statement_counts": {
        "create_procedure": 0,
        "delete": 0,
        "drop_table": 0,
        "insert": 0,
        "update": 180,
        "select": 4,
        "create_function": 0,
        "create_index": 0,
        "alter_table": 0,
        "create_table": 0,
        "create_view": 0
      },
      "file": "Database/Comprehensive_Arabic_Etymology_Fix.sql",
      "estimated_lines": 415,
      "tables_referenced": [
        "English",
        "updated",
        "existing",
        "Roots",
        "Derivatives"
      ],
      "type": "data",
      "file_size_kb": 22.69
    },
    {
      "statement_counts": {
        "create_procedure": 0,
        "delete": 0,
        "drop_table": 1,
        "insert": 0,
        "update": 4,
        "select": 5,
        "create_function": 0,
        "create_index": 0,
        "alter_table": 1,
        "create_table": 0,
        "create_view": 0
      },
      "file": "Database/Fix_Arabic_Encoding_And_Narrator_Names.sql",
      "estimated_lines": 186,
      "tables_referenced": [
        "js",
        "narrator",
        "the",
        "VARCHAR",
        "AhadeesNarrators",
        "COLUMNS",
        "Roots",
        "too",
        "Narrators",
        "for",
        "FRONTEND",
        "UPDATE"
      ],
      "type": "mixed",
      "file_size_kb": 6.56
    },
    {
      "statement_counts": {
        "create_procedure": 0,
        "delete": 0,
        "drop_table": 0,
        "insert": 0,
        "update": 35,
        "select": 1,
        "create_function": 0,
        "create_index": 0,
        "alter_table": 0,
        "create_table": 0,
        "create_view": 0
      },
      "file": "Database/Fix_Arabic_Etymology_Data.sql",
      "estimated_lines": 91,
      "tables_referenced": [
        "Issue",
        "derivatives",
        "Roots",
        "any"
      ],
      "type": "data",
      "file_size_kb": 4.35
    },
    {
      "statement_counts": {
        "create_procedure": 0,
        "delete": 0,
        "drop_table": 0,
        "insert": 0,
        "update": 6,
        "select": 4,
        "create_function": 0,
        "create_index": 0,
        "alter_table": 1,
        "create_table": 0,
        "create_view": 0
      },
      "file": "Database/Fix_Arabic_Etymology_Encoding.sql",
      "estimated_lines": 69,
      "tables_referenced": [
        "COLUMNS",
        "Roots",
        "ILAH",
        "Derivatives",
        "the"
      ],
      "type": "mixed",
      "file_size_kb": 2.71
    },
    {
      "statement_counts": {
        "create_procedure": 0,
        "delete": 0,
        "drop_table": 0,
        "insert": 0,
        "update": 50,
        "select": 4,
        "create_function": 0,
        "create_index": 0,
        "alter_table": 4,
        "create_table": 0,
        "create_view": 0
      },
      "file": "Database/Fix_Arabic_Script_Comprehensive.sql",
      "estimated_lines": 200,
      "tables_referenced": [
        "with",
        "Roots",
        "for",
        "existing",
        "Derivatives",
        "updates"
      ],
      "type": "mixed",
      "file_size_kb": 7.14
    },
    {
      "statement_counts": {
        "create_procedure": 0,
        "delete": 0,
        "drop_table": 0,
        "insert": 0,
        "update": 48,
        "select": 2,
        "create_function": 0,
        "create_index": 0,
        "alter_table": 0,
        "create_table": 0,
        "create_view": 0
      },
      "file": "Database/Fix_Both_KQUR_Databases.sql",
      "estimated_lines": 98,
      "tables_referenced": [
        "derivatives"
      ],
      "type": "data",
      "file_size_kb": 5.5
    },
    {
      "statement_counts": {
        "create_procedure": 2,
        "delete": 0,
        "drop_table": 0,
        "insert": 0,
        "update": 0,
        "select": 14,
        "create_function": 0,
        "create_index": 0,
        "alter_table": 0,
        "create_table": 0,
        "create_view": 0
      },
      "file": "Database/Fix_Etymology_Statistics.sql",
      "estimated_lines": 86,
      "tables_referenced": [
        "Derivatives",
        "Roots"
      ],
      "type": "schema",
      "file_size_kb": 2.89
    },
    {
      "statement_counts": {
        "create_procedure": 1,
        "delete": 0,
        "drop_table": 0,
        "insert": 0,
        "update": 2,
        "select": 7,
        "create_function": 0,
        "create_index": 0,
        "alter_table": 0,
        "create_table": 0,
        "create_view": 0
      },
      "file": "Database/Fix_Quran_Translation_Duplication.sql",
      "estimated_lines": 154,
      "tables_referenced": [
        "QuranAyats",
        "both",
        "application",
        "IF",
        "sysobjects",
        "needed",
        "QuranAyats_Backup"
      ],
      "type": "mixed",
      "file_size_kb": 5.5
    },
    {
      "statement_counts": {
        "create_procedure": 1,
        "delete": 0,
        "drop_table": 0,
        "insert": 1,
        "update": 0,
        "select": 2,
        "create_function": 0,
        "create_index": 0,
        "alter_table": 0,
        "create_table": 0,
        "create_view": 0
      },
      "file": "Database/Fix_Reference_Field_StoredProcedure.sql",
      "estimated_lines": 149,
      "tables_referenced": [
        "with",
        "Ahadees",
        "existing",
        "Reference",
        "completed",
        "operations",
        "objects",
        "PRINT"
      ],
      "type": "mixed",
      "file_size_kb": 5.47
    },
    {
      "statement_counts": {
        "create_procedure": 1,
        "delete": 0,
        "drop_table": 0,
        "insert": 1,
        "update": 0,
        "select": 3,
        "create_function": 0,
        "create_index": 0,
        "alter_table": 0,
        "create_table": 0,
        "create_view": 0
      },
      "file": "Database/Fix_SaveAhadeesNew_Reference_Parameter.sql",
      "estimated_lines": 104,
      "tables_referenced": [
        "ModifiedBy",
        "Ahadees",
        "objects",
        "existing"
      ],
      "type": "mixed",
      "file_size_kb": 2.99
    },
    {
      "statement_counts": {
        "create_procedure": 0,
        "delete": 0,
        "drop_table": 0,
        "insert": 0,
        "update": 0,
        "select": 4,
        "create_function": 0,
        "create_index": 0,
        "alter_table": 0,
        "create_table": 0,
        "create_view": 0
      },
      "file": "Database/Fix_SearchEtymologyEnhanced_ColumnMapping.sql",
      "estimated_lines": 73,
      "tables_referenced": [
        "Derivatives",
        "Roots",
        "RootEnglish"
      ],
      "type": "unknown",
      "file_size_kb": 2.47
    },
    {
      "statement_counts": {
        "create_procedure": 1,
        "delete": 0,
        "drop_table": 0,
        "insert": 0,
        "update": 0,
        "select": 0,
        "create_function": 0,
        "create_index": 0,
        "alter_table": 0,
        "create_table": 0,
        "create_view": 0
      },
      "file": "Workspaces/TEMP/AddUpdateSession_full.sql",
      "estimated_lines": 12,
      "tables_referenced": [],
      "type": "schema",
      "file_size_kb": 0.27
    },
    {
      "statement_counts": {
        "create_procedure": 1,
        "delete": 0,
        "drop_table": 0,
        "insert": 0,
        "update": 0,
        "select": 0,
        "create_function": 0,
        "create_index": 0,
        "alter_table": 0,
        "create_table": 0,
        "create_view": 0
      },
      "file": "Workspaces/TEMP/AddUpdateSession.sql",
      "estimated_lines": 14,
      "tables_referenced": [],
      "type": "schema",
      "file_size_kb": 0.28
    },
    {
      "statement_counts": {
        "create_procedure": 2,
        "delete": 0,
        "drop_table": 0,
        "insert": 0,
        "update": 0,
        "select": 16,
        "create_function": 0,
        "create_index": 0,
        "alter_table": 0,
        "create_table": 0,
        "create_view": 0
      },
      "file": "Database/Restore_Etymology_Statistics.sql",
      "estimated_lines": 116,
      "tables_referenced": [
        "procedures",
        "KQUR",
        "Roots",
        "KQUR_DEV",
        "Derivatives"
      ],
      "type": "schema",
      "file_size_kb": 4.34
    },
    {
      "statement_counts": {
        "create_procedure": 2,
        "delete": 0,
        "drop_table": 0,
        "insert": 0,
        "update": 0,
        "select": 16,
        "create_function": 0,
        "create_index": 0,
        "alter_table": 0,
        "create_table": 0,
        "create_view": 0
      },
      "file": "Database/Remove_Etymology_Statistics.sql",
      "estimated_lines": 116,
      "tables_referenced": [
        "procedures",
        "KQUR",
        "Roots",
        "KQUR_DEV",
        "Derivatives"
      ],
      "type": "schema",
      "file_size_kb": 4.48
    },
    {
      "statement_counts": {
        "create_procedure": 0,
        "delete": 0,
        "drop_table": 0,
        "insert": 0,
        "update": 0,
        "select": 5,
        "create_function": 0,
        "create_index": 0,
        "alter_table": 0,
        "create_table": 0,
        "create_view": 0
      },
      "file": "Database/Translation_Validation_Test.sql",
      "estimated_lines": 70,
      "tables_referenced": [
        "QuranAyats"
      ],
      "type": "unknown",
      "file_size_kb": 2.69
    },
    {
      "statement_counts": {
        "create_procedure": 0,
        "delete": 0,
        "drop_table": 0,
        "insert": 0,
        "update": 0,
        "select": 5,
        "create_function": 0,
        "create_index": 0,
        "alter_table": 0,
        "create_table": 0,
        "create_view": 0
      },
      "file": "Database/Translation_Validation_Test.sql",
      "estimated_lines": 70,
      "tables_referenced": [
        "QuranAyats"
      ],
      "type": "unknown",
      "file_size_kb": 2.69
    }
  ],
  "entities": [
    {
      "file": "Source Code/IssueTrackerApp/Api/Data/IssueTrackerContext.cs",
      "properties": [],
      "relationships": [],
      "dbset_name": "Applications",
      "name": "Application"
    },
    {
      "file": "Source Code/IssueTrackerApp/Api/Data/IssueTrackerContext.cs",
      "properties": [],
      "relationships": [],
      "dbset_name": "Issues",
      "name": "Issue"
    },
    {
      "file": "Source Code/IssueTrackerApp/Api/Data/IssueTrackerContext.cs",
      "properties": [],
      "relationships": [],
      "dbset_name": "IssueArchives",
      "name": "IssueArchive"
    }
  ],
  "statistics": {
    "total_relationships": 0,
    "total_sql_data_files": 26,
    "total_sql_schema_files": 36,
    "total_migrations": 0,
    "total_connections": 1,
    "total_entities": 3
  },
  "connection_strings": [
    {
      "server": "issuetracker.db",
      "database": "issuetracker.db",
      "authentication": "unknown",
      "name": "DefaultConnection",
      "environment": "Default",
      "source_file": "Source Code/IssueTrackerApp/Api/appsettings.json",
      "provider": "SQLite",
      "raw": "Data Source=issuetracker.db"
    }
  ],
  "area": "Database",
  "scan_time": "2025-11-06T12:56:16Z",
  "duration_seconds": 73,
  "sql_schema_files": [
    {
      "statement_counts": {
        "create_procedure": 38,
        "delete": 3,
        "drop_table": 0,
        "insert": 6502,
        "update": 1,
        "select": 17,
        "create_function": 4,
        "create_index": 0,
        "alter_table": 0,
        "create_table": 13,
        "create_view": 2
      },
      "file": "Workspaces/DATA/DB SCRIPTS/KQUR_Schema_Data.sql",
      "estimated_lines": 7188,
      "tables_referenced": [
        "sending",
        "beneath",
        "fragments",
        "grasping",
        "disputes",
        "charity",
        "with",
        "heat",
        "account",
        "great",
        "papersheets",
        "man",
        "completing",
        "within",
        "extreme",
        "graves",
        "any",
        "prison",
        "bondage",
        "polytheism",
        "through",
        "the",
        "sexual",
        "Narrators",
        "among",
        "men",
        "night",
        "off",
        "scattered",
        "whatever",
        "he",
        "Fir",
        "quarrelling",
        "dry",
        "illegal",
        "corruption",
        "th",
        "apes",
        "semen",
        "Egypt",
        "stage",
        "righteousness",
        "hearing",
        "their",
        "Roots",
        "ease",
        "Allah",
        "mercy",
        "doing",
        "carrying",
        "one",
        "Ourselves",
        "AhadeesSubjectCategories",
        "Saba",
        "out",
        "trial",
        "sects",
        "Pharaoh",
        "Us",
        "a",
        "sins",
        "your",
        "His",
        "seven",
        "animals",
        "reaching",
        "between",
        "sight",
        "nations",
        "aggress",
        "darkness",
        "new",
        "close",
        "God",
        "Thee",
        "AhadeesTagMappings",
        "morn",
        "blundering",
        "which",
        "guilt",
        "burning",
        "committi",
        "struggling",
        "perdition",
        "gar",
        "sunrise",
        "truth",
        "suffering",
        "good",
        "CONTENT",
        "below",
        "lewd",
        "yourselves",
        "our",
        "Ibrah",
        "underneath",
        "themselves",
        "impure",
        "dust",
        "Ban",
        "war",
        "each",
        "evil",
        "Faith",
        "killing",
        "guidance",
        "hypocrisy",
        "Yemen",
        "ruin",
        "Him",
        "another",
        "utter",
        "falsehood",
        "her",
        "accepting",
        "want",
        "thy",
        "demanding",
        "you",
        "QuranVerses",
        "evildoers",
        "temptations",
        "everyone",
        "nothingness",
        "three",
        "natural",
        "behind",
        "contact",
        "Satan",
        "tasting",
        "unsullied",
        "death",
        "some",
        "view",
        "clay",
        "two",
        "life",
        "monkeys",
        "Sheba",
        "Jerusalem",
        "directions",
        "me",
        "marrying",
        "praying",
        "thence",
        "fire",
        "fear",
        "it",
        "sin",
        "afar",
        "following",
        "sinning",
        "them",
        "sysdiagrams",
        "this",
        "believing",
        "alms",
        "falling",
        "conveying",
        "al",
        "twelve",
        "yourself",
        "under",
        "executing",
        "Noah",
        "h",
        "opposite",
        "anything",
        "before",
        "spread",
        "justice",
        "water",
        "waves",
        "Ahadees",
        "usury",
        "prayer",
        "ascribing",
        "parts",
        "admonition",
        "anguish",
        "vegetation",
        "Solomon",
        "taking",
        "hand",
        "abroad",
        "easy",
        "fighting",
        "destructio",
        "Way",
        "folly",
        "sounding",
        "those",
        "effect",
        "changing",
        "being",
        "anyone",
        "con",
        "aught",
        "partners",
        "none",
        "seeing",
        "uttering",
        "coming",
        "people",
        "Islam",
        "chaff",
        "Derivatives",
        "travel",
        "destruction",
        "light",
        "there",
        "therein",
        "grievous",
        "73",
        "Muhammad",
        "giving",
        "monk",
        "others",
        "either",
        "Mount",
        "my",
        "animal",
        "beggin",
        "f_split",
        "outside",
        "thyself",
        "heaven",
        "preaching",
        "broken",
        "other",
        "distress",
        "all",
        "olden",
        "understanding",
        "angels",
        "paradise",
        "blame",
        "prostrating",
        "Gardens",
        "countless",
        "what",
        "rust",
        "disbelief",
        "mankind",
        "castes",
        "various",
        "thinking",
        "something",
        "speech",
        "places",
        "pun",
        "obligations",
        "mid",
        "goodly",
        "error",
        "base",
        "about",
        "Himself",
        "QuranSurahs",
        "disbelievers",
        "Hell",
        "20",
        "going",
        "QuranAyats",
        "performing",
        "David",
        "spending",
        "Makkah",
        "above",
        "Adam",
        "battle",
        "t",
        "eating",
        "every",
        "abandoning",
        "Tabuk",
        "loathsome",
        "AhadeesSubjectTags",
        "wheresoever",
        "trade",
        "hard",
        "so",
        "without",
        "existence",
        "wherever",
        "now",
        "danger",
        "far",
        "belief",
        "whom",
        "unbelieving",
        "amongst",
        "that",
        "an",
        "women",
        "its",
        "someone",
        "here",
        "thirst",
        "dispute",
        "AhadeesNarrators",
        "16",
        "sleep",
        "Islamic",
        "looking",
        "Nuh",
        "attaining",
        "ever",
        "nothing",
        "asking",
        "day",
        "worshipping",
        "remembering"
      ],
      "type": "mixed",
      "file_size_kb": 17792.38
    },
    {
      "statement_counts": {
        "create_procedure": 140,
        "delete": 31,
        "drop_table": 0,
        "insert": 7714,
        "update": 0,
        "select": 94,
        "create_function": 5,
        "create_index": 0,
        "alter_table": 0,
        "create_table": 42,
        "create_view": 6
      },
      "file": "Workspaces/DATA/DB SCRIPTS/KSESSIONS_Schema_Data.sql",
      "estimated_lines": 9967,
      "tables_referenced": [
        "tokens",
        "more",
        "vuSessionLastAccess",
        "SessionDoctrines",
        "t",
        "making",
        "SummaryTags",
        "Groups_ImageBackup",
        "style",
        "HubPreloader",
        "him",
        "sp_SaveTranscriptWorkspace",
        "what",
        "IPLocationData",
        "SessionA",
        "CONTENT",
        "the",
        "Participants",
        "Adm",
        "Speakers",
        "Families",
        "SessionData",
        "them",
        "Encouraged",
        "Gro",
        "day",
        "Nahjul",
        "existence",
        "attachment",
        "AuthProfile",
        "achieving",
        "Europe",
        "SessionTokens",
        "his",
        "I",
        "trouble",
        "these",
        "Karbala",
        "SessionFeedback",
        "SessionSummary",
        "Ses",
        "three",
        "TopicDoctrines",
        "UPDA",
        "AuditLogs",
        "kids",
        "SecurityAuditLog",
        "Past",
        "esoteric",
        "an",
        "SessionQuiz",
        "ResourceCatalog",
        "CREATE",
        "existing",
        "Groups",
        "guidance",
        "AppSettings",
        "Vices",
        "believing",
        "today",
        "Sessio",
        "Sessions",
        "__EFMigrationsHistory",
        "Jinn",
        "GroupMembers",
        "component",
        "their",
        "Grace",
        "death",
        "flowers",
        "every",
        "pride",
        "Heedlessness",
        "effect",
        "serpents",
        "how",
        "SessionFeedbackScores",
        "SystemConfiguration",
        "calamities",
        "ZHubFeedbackQuestions",
        "clay",
        "within",
        "HubUserQuestions",
        "ZHubFeedbackTypes",
        "this",
        "2726",
        "odd",
        "Body",
        "345",
        "grief",
        "spirituality",
        "AssetLookup",
        "why",
        "its",
        "sysdiagrams",
        "AuditCodeTypes",
        "poverty",
        "70",
        "SessionTranscripts",
        "HubSessionData",
        "Allah",
        "one",
        "speech",
        "Categories",
        "a",
        "ExceptionLogs",
        "all",
        "another",
        "SessionAccess",
        "2",
        "Members",
        "two",
        "variable",
        "us",
        "db",
        "which",
        "Countries",
        "our",
        "hiding",
        "f_split",
        "creation",
        "TranscriptWorkspaceContents",
        "TranscriptWorkspaces",
        "SessionImages",
        "various",
        "Of",
        "master"
      ],
      "type": "mixed",
      "file_size_kb": 11209.67
    },
    {
      "statement_counts": {
        "create_procedure": 0,
        "delete": 0,
        "drop_table": 0,
        "insert": 0,
        "update": 0,
        "select": 16,
        "create_function": 0,
        "create_index": 0,
        "alter_table": 0,
        "create_table": 0,
        "create_view": 0
      },
      "file": "Database/Phase0_Create_KSESSIONS_CLEANUP.sql",
      "estimated_lines": 146,
      "tables_referenced": [
        "procedures",
        "HubUserQuestions",
        "databases",
        "ZHubFeedbackQuestions",
        "config",
        "dbo",
        "tables",
        "DISK",
        "ZHubFeedbackTypes",
        "HubPreloader",
        "HubSessionData"
      ],
      "type": "unknown",
      "file_size_kb": 5.46
    },
    {
      "statement_counts": {
        "create_procedure": 0,
        "delete": 0,
        "drop_table": 0,
        "insert": 0,
        "update": 0,
        "select": 10,
        "create_function": 0,
        "create_index": 0,
        "alter_table": 0,
        "create_table": 0,
        "create_view": 0
      },
      "file": "Database/Phase0B_Create_KQUR_CLEANUP.sql",
      "estimated_lines": 158,
      "tables_referenced": [
        "DISK",
        "tables",
        "databases",
        "master_files",
        "config",
        "dbo",
        "existing",
        "procedures",
        "views"
      ],
      "type": "unknown",
      "file_size_kb": 4.83
    },
    {
      "statement_counts": {
        "create_procedure": 0,
        "delete": 0,
        "drop_table": 2,
        "insert": 1,
        "update": 0,
        "select": 1,
        "create_function": 0,
        "create_index": 0,
        "alter_table": 0,
        "create_table": 1,
        "create_view": 0
      },
      "file": "Documentation/Database/create-ahadees-table.sql",
      "estimated_lines": 60,
      "tables_referenced": [
        "created",
        "functionality",
        "Ahadees",
        "objects",
        "CREATE",
        "if"
      ],
      "type": "mixed",
      "file_size_kb": 1.78
    },
    {
      "statement_counts": {
        "create_procedure": 1,
        "delete": 0,
        "drop_table": 0,
        "insert": 1,
        "update": 0,
        "select": 2,
        "create_function": 0,
        "create_index": 0,
        "alter_table": 0,
        "create_table": 0,
        "create_view": 0
      },
      "file": "Documentation/Database/create-sp-SaveAhadeesNew.sql",
      "estimated_lines": 116,
      "tables_referenced": [
        "objects",
        "Ahadees",
        "existing",
        "reference",
        "sp_SaveAhadeesNew",
        "CREATE"
      ],
      "type": "mixed",
      "file_size_kb": 3.76
    },
    {
      "statement_counts": {
        "create_procedure": 0,
        "delete": 0,
        "drop_table": 0,
        "insert": 0,
        "update": 0,
        "select": 4,
        "create_function": 0,
        "create_index": 0,
        "alter_table": 0,
        "create_table": 0,
        "create_view": 0
      },
      "file": "Workspaces/SCRIPTS/SQL/Backup Restore KSESSIONS/CREATE_DEV_ENV.sql",
      "estimated_lines": 64,
      "tables_referenced": [
        "databases",
        "DISK",
        "database_files"
      ],
      "type": "unknown",
      "file_size_kb": 2.08
    },
    {
      "statement_counts": {
        "create_procedure": 2,
        "delete": 0,
        "drop_table": 1,
        "insert": 1,
        "update": 0,
        "select": 20,
        "create_function": 0,
        "create_index": 6,
        "alter_table": 2,
        "create_table": 1,
        "create_view": 0
      },
      "file": "Database/Etymology_Enhancement_Migration.sql",
      "estimated_lines": 404,
      "tables_referenced": [
        "indexes",
        "with",
        "fulltext_catalogs",
        "procedure",
        "missing",
        "fulltext_indexes",
        "EtymologyAudit",
        "if",
        "columns",
        "JSON",
        "Etymology",
        "CREATE",
        "verified",
        "STATISTICS",
        "of",
        "Derivatives",
        "for",
        "procedures",
        "tables"
      ],
      "type": "mixed",
      "file_size_kb": 15.37
    },
    {
      "statement_counts": {
        "create_procedure": 4,
        "delete": 0,
        "drop_table": 1,
        "insert": 5,
        "update": 1,
        "select": 43,
        "create_function": 0,
        "create_index": 0,
        "alter_table": 13,
        "create_table": 3,
        "create_view": 0
      },
      "file": "Database/Etymology_System_Migration.sql",
      "estimated_lines": 691,
      "tables_referenced": [
        "structure",
        "index",
        "OPENJSON",
        "tables",
        "if",
        "columns",
        "EtymologyAuditLog",
        "foreign_keys",
        "Etymology",
        "indexes",
        "Derivatives",
        "database_principals",
        "d",
        "objects"
      ],
      "type": "mixed",
      "file_size_kb": 25.07
    },
    {
      "statement_counts": {
        "create_procedure": 4,
        "delete": 0,
        "drop_table": 1,
        "insert": 2,
        "update": 6,
        "select": 26,
        "create_function": 0,
        "create_index": 0,
        "alter_table": 8,
        "create_table": 1,
        "create_view": 0
      },
      "file": "Database/etymology-database-migration.sql",
      "estimated_lines": 541,
      "tables_referenced": [
        "indexes",
        "INSERT",
        "parent",
        "Derivatives",
        "for",
        "if",
        "columns",
        "SearchText",
        "Etymology",
        "existing",
        "e",
        "OPENJSON",
        "d",
        "temp",
        "inserted"
      ],
      "type": "mixed",
      "file_size_kb": 16.94
    },
    {
      "statement_counts": {
        "create_procedure": 5,
        "delete": 0,
        "drop_table": 3,
        "insert": 3,
        "update": 0,
        "select": 28,
        "create_function": 0,
        "create_index": 2,
        "alter_table": 0,
        "create_table": 1,
        "create_view": 0
      },
      "file": "Database/KQUR_DEV_Clean_Migration.sql",
      "estimated_lines": 425,
      "tables_referenced": [
        "indexes",
        "with",
        "proc_cursor",
        "already",
        "missing",
        "Narrators_Backup_20250824",
        "if",
        "check_cursor",
        "Narrations",
        "ready",
        "existing",
        "verified",
        "backup_cursor",
        "dbo",
        "SearchResults",
        "Ahadees",
        "procedures",
        "tables"
      ],
      "type": "mixed",
      "file_size_kb": 13.42
    },
    {
      "statement_counts": {
        "create_procedure": 5,
        "delete": 1,
        "drop_table": 3,
        "insert": 4,
        "update": 0,
        "select": 30,
        "create_function": 0,
        "create_index": 0,
        "alter_table": 6,
        "create_table": 1,
        "create_view": 0
      },
      "file": "Database/KQUR_DEV_Production_Migration.sql",
      "estimated_lines": 636,
      "tables_referenced": [
        "sp_SaveAhadees",
        "with",
        "proc_cursor",
        "already",
        "removed",
        "CREATION",
        "Narrations_Backup_Production",
        "does",
        "columns",
        "Narrations",
        "structure",
        "application",
        "table_cursor",
        "existing",
        "tables",
        "found",
        "dbo",
        "Ahadees",
        "ready",
        "CLEANUP",
        "if",
        "procedures",
        "Narrations_Backup_20250824",
        "legacy"
      ],
      "type": "mixed",
      "file_size_kb": 21.19
    },
    {
      "statement_counts": {
        "create_procedure": 4,
        "delete": 0,
        "drop_table": 1,
        "insert": 0,
        "update": 1,
        "select": 24,
        "create_function": 0,
        "create_index": 0,
        "alter_table": 0,
        "create_table": 0,
        "create_view": 0
      },
      "file": "Database/KQUR_PRODUCTION_ETYMOLOGY_MIGRATION_CORRECTED.sql",
      "estimated_lines": 327,
      "tables_referenced": [
        "procedures",
        "tables",
        "OPENJSON",
        "indexes",
        "Roots",
        "EtymologyMigrationLog",
        "Derivatives",
        "cleaned",
        "d"
      ],
      "type": "mixed",
      "file_size_kb": 11.45
    },
    {
      "statement_counts": {
        "create_procedure": 4,
        "delete": 0,
        "drop_table": 0,
        "insert": 12,
        "update": 1,
        "select": 29,
        "create_function": 0,
        "create_index": 0,
        "alter_table": 0,
        "create_table": 1,
        "create_view": 0
      },
      "file": "Database/KQUR_PRODUCTION_ETYMOLOGY_MIGRATION.sql",
      "estimated_lines": 387,
      "tables_referenced": [
        "indexes",
        "application",
        "procedure",
        "IF",
        "created",
        "Roots",
        "OPENJSON",
        "KQUR_DEV",
        "EtymologyMigrationLog",
        "Derivatives",
        "procedures",
        "d",
        "tables"
      ],
      "type": "mixed",
      "file_size_kb": 14.8
    },
    {
      "statement_counts": {
        "create_procedure": 3,
        "delete": 0,
        "drop_table": 0,
        "insert": 4,
        "update": 4,
        "select": 28,
        "create_function": 0,
        "create_index": 0,
        "alter_table": 5,
        "create_table": 4,
        "create_view": 0
      },
      "file": "Database/KQUR_PRODUCTION_NORMALIZATION_MIGRATION.sql",
      "estimated_lines": 520,
      "tables_referenced": [
        "config",
        "foreign_keys",
        "AhadeesTagMappings",
        "already",
        "ROUTINES",
        "AhadeesNarrators",
        "A",
        "IF",
        "backup",
        "AhadeesSubjectCategories",
        "it",
        "existing",
        "KQUR_DEV",
        "STORED",
        "NARRATOR",
        "Ahadees",
        "TABLES",
        "AhadeesSubjectTags"
      ],
      "type": "mixed",
      "file_size_kb": 20.2
    },
    {
      "statement_counts": {
        "create_procedure": 2,
        "delete": 0,
        "drop_table": 0,
        "insert": 1,
        "update": 0,
        "select": 13,
        "create_function": 0,
        "create_index": 0,
        "alter_table": 0,
        "create_table": 0,
        "create_view": 0
      },
      "file": "Database/DEPLOY_MISSING_ETYMOLOGY_PROCEDURES.sql",
      "estimated_lines": 246,
      "tables_referenced": [
        "objects",
        "our",
        "Roots",
        "MatchingRoots",
        "Derivatives"
      ],
      "type": "mixed",
      "file_size_kb": 8.97
    },
    {
      "statement_counts": {
        "create_procedure": 2,
        "delete": 0,
        "drop_table": 0,
        "insert": 1,
        "update": 0,
        "select": 13,
        "create_function": 0,
        "create_index": 0,
        "alter_table": 0,
        "create_table": 0,
        "create_view": 0
      },
      "file": "Database/DEPLOY_PRODUCTION_ETYMOLOGY_PROCEDURES.sql",
      "estimated_lines": 221,
      "tables_referenced": [
        "objects",
        "our",
        "Roots",
        "MatchingRoots",
        "Derivatives"
      ],
      "type": "mixed",
      "file_size_kb": 8.3
    },
    {
      "statement_counts": {
        "create_procedure": 1,
        "delete": 0,
        "drop_table": 0,
        "insert": 0,
        "update": 1,
        "select": 4,
        "create_function": 0,
        "create_index": 0,
        "alter_table": 0,
        "create_table": 0,
        "create_view": 0
      },
      "file": "Database/DEPLOY_PRODUCTION_TRANSLATION_PROCEDURES_CORRECTED.sql",
      "estimated_lines": 163,
      "tables_referenced": [
        "PROCEDURES",
        "ISSUE",
        "QuranAyats",
        "name",
        "if",
        "translation",
        "needed"
      ],
      "type": "mixed",
      "file_size_kb": 5.81
    },
    {
      "statement_counts": {
        "create_procedure": 1,
        "delete": 0,
        "drop_table": 0,
        "insert": 0,
        "update": 1,
        "select": 5,
        "create_function": 0,
        "create_index": 0,
        "alter_table": 0,
        "create_table": 0,
        "create_view": 0
      },
      "file": "Database/DEPLOY_PRODUCTION_TRANSLATION_PROCEDURES.sql",
      "estimated_lines": 195,
      "tables_referenced": [
        "PROCEDURES",
        "ISSUE",
        "QuranAyats",
        "functionality",
        "both",
        "translation",
        "needed"
      ],
      "type": "mixed",
      "file_size_kb": 7.49
    },
    {
      "statement_counts": {
        "create_procedure": 2,
        "delete": 0,
        "drop_table": 1,
        "insert": 1,
        "update": 0,
        "select": 18,
        "create_function": 0,
        "create_index": 0,
        "alter_table": 0,
        "create_table": 1,
        "create_view": 0
      },
      "file": "Database/Etymology_StoredProcedures.sql",
      "estimated_lines": 209,
      "tables_referenced": [
        "TABLES",
        "DerivativeWords",
        "Roots",
        "objects",
        "to"
      ],
      "type": "mixed",
      "file_size_kb": 7.85
    },
    {
      "statement_counts": {
        "create_procedure": 1,
        "delete": 0,
        "drop_table": 0,
        "insert": 1,
        "update": 0,
        "select": 2,
        "create_function": 0,
        "create_index": 0,
        "alter_table": 0,
        "create_table": 0,
        "create_view": 0
      },
      "file": "Database/Fix_Reference_Field_StoredProcedure.sql",
      "estimated_lines": 149,
      "tables_referenced": [
        "with",
        "Ahadees",
        "existing",
        "Reference",
        "completed",
        "operations",
        "objects",
        "PRINT"
      ],
      "type": "mixed",
      "file_size_kb": 5.47
    },
    {
      "statement_counts": {
        "create_procedure": 5,
        "delete": 1,
        "drop_table": 0,
        "insert": 2,
        "update": 0,
        "select": 2,
        "create_function": 0,
        "create_index": 0,
        "alter_table": 0,
        "create_table": 0,
        "create_view": 0
      },
      "file": "Database/Hub_Cleanup_Archive/Hub_StoredProcedures_Backup.sql",
      "estimated_lines": 47,
      "tables_referenced": [
        "HubPreloader",
        "HubUserQuestions",
        "HubSessionData"
      ],
      "type": "mixed",
      "file_size_kb": 1.2
    },
    {
      "statement_counts": {
        "create_procedure": 2,
        "delete": 0,
        "drop_table": 0,
        "insert": 1,
        "update": 0,
        "select": 13,
        "create_function": 0,
        "create_index": 0,
        "alter_table": 0,
        "create_table": 0,
        "create_view": 0
      },
      "file": "Database/DEPLOY_MISSING_ETYMOLOGY_PROCEDURES.sql",
      "estimated_lines": 246,
      "tables_referenced": [
        "objects",
        "our",
        "Roots",
        "MatchingRoots",
        "Derivatives"
      ],
      "type": "mixed",
      "file_size_kb": 8.97
    },
    {
      "statement_counts": {
        "create_procedure": 2,
        "delete": 0,
        "drop_table": 0,
        "insert": 1,
        "update": 0,
        "select": 13,
        "create_function": 0,
        "create_index": 0,
        "alter_table": 0,
        "create_table": 0,
        "create_view": 0
      },
      "file": "Database/DEPLOY_PRODUCTION_ETYMOLOGY_PROCEDURES.sql",
      "estimated_lines": 221,
      "tables_referenced": [
        "objects",
        "our",
        "Roots",
        "MatchingRoots",
        "Derivatives"
      ],
      "type": "mixed",
      "file_size_kb": 8.3
    },
    {
      "statement_counts": {
        "create_procedure": 1,
        "delete": 0,
        "drop_table": 0,
        "insert": 0,
        "update": 1,
        "select": 4,
        "create_function": 0,
        "create_index": 0,
        "alter_table": 0,
        "create_table": 0,
        "create_view": 0
      },
      "file": "Database/DEPLOY_PRODUCTION_TRANSLATION_PROCEDURES_CORRECTED.sql",
      "estimated_lines": 163,
      "tables_referenced": [
        "PROCEDURES",
        "ISSUE",
        "QuranAyats",
        "name",
        "if",
        "translation",
        "needed"
      ],
      "type": "mixed",
      "file_size_kb": 5.81
    },
    {
      "statement_counts": {
        "create_procedure": 1,
        "delete": 0,
        "drop_table": 0,
        "insert": 0,
        "update": 1,
        "select": 5,
        "create_function": 0,
        "create_index": 0,
        "alter_table": 0,
        "create_table": 0,
        "create_view": 0
      },
      "file": "Database/DEPLOY_PRODUCTION_TRANSLATION_PROCEDURES.sql",
      "estimated_lines": 195,
      "tables_referenced": [
        "PROCEDURES",
        "ISSUE",
        "QuranAyats",
        "functionality",
        "both",
        "translation",
        "needed"
      ],
      "type": "mixed",
      "file_size_kb": 7.49
    },
    {
      "statement_counts": {
        "create_procedure": 2,
        "delete": 0,
        "drop_table": 1,
        "insert": 1,
        "update": 0,
        "select": 18,
        "create_function": 0,
        "create_index": 0,
        "alter_table": 0,
        "create_table": 1,
        "create_view": 0
      },
      "file": "Database/Etymology_StoredProcedures.sql",
      "estimated_lines": 209,
      "tables_referenced": [
        "TABLES",
        "DerivativeWords",
        "Roots",
        "objects",
        "to"
      ],
      "type": "mixed",
      "file_size_kb": 7.85
    },
    {
      "statement_counts": {
        "create_procedure": 5,
        "delete": 1,
        "drop_table": 0,
        "insert": 2,
        "update": 0,
        "select": 2,
        "create_function": 0,
        "create_index": 0,
        "alter_table": 0,
        "create_table": 0,
        "create_view": 0
      },
      "file": "Database/Hub_Cleanup_Archive/Hub_StoredProcedures_Backup.sql",
      "estimated_lines": 47,
      "tables_referenced": [
        "HubPreloader",
        "HubUserQuestions",
        "HubSessionData"
      ],
      "type": "mixed",
      "file_size_kb": 1.2
    },
    {
      "statement_counts": {
        "create_procedure": 2,
        "delete": 0,
        "drop_table": 0,
        "insert": 1,
        "update": 0,
        "select": 13,
        "create_function": 0,
        "create_index": 0,
        "alter_table": 0,
        "create_table": 0,
        "create_view": 0
      },
      "file": "Database/DEPLOY_MISSING_ETYMOLOGY_PROCEDURES.sql",
      "estimated_lines": 246,
      "tables_referenced": [
        "objects",
        "our",
        "Roots",
        "MatchingRoots",
        "Derivatives"
      ],
      "type": "mixed",
      "file_size_kb": 8.97
    },
    {
      "statement_counts": {
        "create_procedure": 2,
        "delete": 0,
        "drop_table": 0,
        "insert": 1,
        "update": 0,
        "select": 13,
        "create_function": 0,
        "create_index": 0,
        "alter_table": 0,
        "create_table": 0,
        "create_view": 0
      },
      "file": "Database/DEPLOY_PRODUCTION_ETYMOLOGY_PROCEDURES.sql",
      "estimated_lines": 221,
      "tables_referenced": [
        "objects",
        "our",
        "Roots",
        "MatchingRoots",
        "Derivatives"
      ],
      "type": "mixed",
      "file_size_kb": 8.3
    },
    {
      "statement_counts": {
        "create_procedure": 1,
        "delete": 0,
        "drop_table": 0,
        "insert": 0,
        "update": 1,
        "select": 4,
        "create_function": 0,
        "create_index": 0,
        "alter_table": 0,
        "create_table": 0,
        "create_view": 0
      },
      "file": "Database/DEPLOY_PRODUCTION_TRANSLATION_PROCEDURES_CORRECTED.sql",
      "estimated_lines": 163,
      "tables_referenced": [
        "PROCEDURES",
        "ISSUE",
        "QuranAyats",
        "name",
        "if",
        "translation",
        "needed"
      ],
      "type": "mixed",
      "file_size_kb": 5.81
    },
    {
      "statement_counts": {
        "create_procedure": 1,
        "delete": 0,
        "drop_table": 0,
        "insert": 0,
        "update": 1,
        "select": 5,
        "create_function": 0,
        "create_index": 0,
        "alter_table": 0,
        "create_table": 0,
        "create_view": 0
      },
      "file": "Database/DEPLOY_PRODUCTION_TRANSLATION_PROCEDURES.sql",
      "estimated_lines": 195,
      "tables_referenced": [
        "PROCEDURES",
        "ISSUE",
        "QuranAyats",
        "functionality",
        "both",
        "translation",
        "needed"
      ],
      "type": "mixed",
      "file_size_kb": 7.49
    },
    {
      "statement_counts": {
        "create_procedure": 2,
        "delete": 0,
        "drop_table": 1,
        "insert": 1,
        "update": 0,
        "select": 18,
        "create_function": 0,
        "create_index": 0,
        "alter_table": 0,
        "create_table": 1,
        "create_view": 0
      },
      "file": "Database/Etymology_StoredProcedures.sql",
      "estimated_lines": 209,
      "tables_referenced": [
        "TABLES",
        "DerivativeWords",
        "Roots",
        "objects",
        "to"
      ],
      "type": "mixed",
      "file_size_kb": 7.85
    },
    {
      "statement_counts": {
        "create_procedure": 1,
        "delete": 0,
        "drop_table": 0,
        "insert": 1,
        "update": 0,
        "select": 2,
        "create_function": 0,
        "create_index": 0,
        "alter_table": 0,
        "create_table": 0,
        "create_view": 0
      },
      "file": "Database/Fix_Reference_Field_StoredProcedure.sql",
      "estimated_lines": 149,
      "tables_referenced": [
        "with",
        "Ahadees",
        "existing",
        "Reference",
        "completed",
        "operations",
        "objects",
        "PRINT"
      ],
      "type": "mixed",
      "file_size_kb": 5.47
    },
    {
      "statement_counts": {
        "create_procedure": 5,
        "delete": 1,
        "drop_table": 0,
        "insert": 2,
        "update": 0,
        "select": 2,
        "create_function": 0,
        "create_index": 0,
        "alter_table": 0,
        "create_table": 0,
        "create_view": 0
      },
      "file": "Database/Hub_Cleanup_Archive/Hub_StoredProcedures_Backup.sql",
      "estimated_lines": 47,
      "tables_referenced": [
        "HubPreloader",
        "HubUserQuestions",
        "HubSessionData"
      ],
      "type": "mixed",
      "file_size_kb": 1.2
    },
    {
      "statement_counts": {
        "create_procedure": 0,
        "delete": 0,
        "drop_table": 1,
        "insert": 0,
        "update": 0,
        "select": 12,
        "create_function": 0,
        "create_index": 0,
        "alter_table": 0,
        "create_table": 0,
        "create_view": 0
      },
      "file": "Database/KQUR_ETYMOLOGY_ROLLBACK.sql",
      "estimated_lines": 160,
      "tables_referenced": [
        "procedures",
        "indexes",
        "original",
        "tables",
        "EtymologyMigrationLog",
        "production",
        "removed"
      ],
      "type": "unknown",
      "file_size_kb": 5.23
    }
  ],
  "workspace_root": "D:\\PROJECTS\\KSESSIONS",
  "migrations": null
}
