{
  "timestamp": "2025-11-11T17:58:29.311190",
  "overall_health": "excellent",
  "health_score": 90.0,
  "issues": [
    {
      "severity": "high",
      "category": "brain",
      "title": "Missing brain database",
      "description": "Brain database file not found",
      "file_path": null,
      "line_number": null,
      "recommendation": "Initialize brain database",
      "auto_fixable": false
    }
  ],
  "obsolete_tests": [],
  "statistics": {
    "obsolete_tests_found": 0
  },
  "recommendations": [
    "Increase code coverage from 0.0% to at least 80%"
  ]
}