{
  "statistics": {
    "total_element_ids": 0,
    "total_components": 2,
    "total_routes": 0,
    "total_di_injections": 0
  },
  "workspace_root": "D:\\PROJECTS\\KDS",
  "area": "UI",
  "patterns": {
    "component_structure": "feature-based",
    "di_pattern": "none",
    "naming": "PascalCase"
  },
  "components": [
    {
      "path": "backups/pre-independence-migration/tests/fixtures/mock-project/src/frontend/src/components/UserDashboard.tsx",
      "parameters": null,
      "routes": null,
      "element_ids": null,
      "dependencies": [],
      "type": "react-typescript-component",
      "naming_convention": "PascalCase"
    },
    {
      "path": "tests/fixtures/mock-project/src/frontend/src/components/UserDashboard.tsx",
      "parameters": null,
      "routes": null,
      "element_ids": null,
      "dependencies": [],
      "type": "react-typescript-component",
      "naming_convention": "PascalCase"
    }
  ],
  "scan_time": "2025-11-04T10:26:40Z",
  "duration_seconds": 0
}
