{
  "name": "CORTEX AI Enhancement System",
  "version": "5.2.0",
  "build_date": "2025-11-12T09:11:30.003235",
  "author": "Asif Hussain",
  "copyright": "\u00a9 2024-2025 Asif Hussain. All rights reserved.",
  "license": "Proprietary",
  "repository": "https://github.com/asifhussain60/CORTEX",
  "description": "AI enhancement system that gives GitHub Copilot long-term memory, context awareness, and strategic planning",
  "installation": "Run bootstrap installer: install-cortex-windows.ps1 (Windows) or install-cortex-unix.sh (Unix)",
  "components": [
    "src - Source code",
    "cortex-brain - Memory and knowledge system (essential files only)",
    "scripts - Automation tools (no admin scripts)",
    "docs - User documentation (no architecture docs)",
    "prompts - AI prompt templates"
  ]
}