issue_id,severity,issue_type,file_path,line_numbers,context,impact,suggested_fix
BARE_EXCEPT_001,CRITICAL,"Bare Except Clause","tests/test_ac_ar_010_03_imports.py","42,66,385","Import validation tests with bare except: silently masking errors","Silent failures hide actual problems making debugging extremely difficult","Replace bare except: with specific exception types and add logging"
BARE_EXCEPT_002,CRITICAL,"Bare Except Clause","tests/unit/test_conversation_protocol_transactions.py","136,195","Protocol transaction tests with bare except: hiding transaction failures","Test failures go undetected masking bugs in transaction handling","Add specific exception handling and log failures"
BARE_EXCEPT_003,CRITICAL,"Bare Except Clause","cortex/brain/mcp/tools/validate_consolidation.py","205","File hash computation with bare except returns ERROR_READING_FILE","Silent failures prevent proper error diagnosis","Raise specific exceptions or log with full context"
DB_CONN_LEAK_001,CRITICAL,"Database Connection Leak","cortex/tools/toolkit/ac_fix_001_06_regenerate.py","43,46,66","Script opens sqlite3 connection without proper cleanup or context manager","Connections leak in long-running processes exhausting connection limits","Use with statement for all DB connections: with sqlite3.connect() as conn:"
RESOURCE_CLEANUP_001,CRITICAL,"Missing Resource Cleanup","cortex/infrastructure/connection_pool.py","300,383","Connection cleanup with except Exception: pass silently suppresses errors","Dead connections remain in pool causing resource exhaustion","Log all exceptions before suppressing and implement cleanup retry logic"
EXCEPTION_SUPPRESS_001,CRITICAL,"Broad Exception Suppression","cortex/infrastructure/database.py","89,105,270","Database operations with except Exception: pass hide real failures","Cannot identify why database operations fail in production","Replace with specific exception handling and mandatory logging"
EXCEPTION_SUPPRESS_002,CRITICAL,"Broad Exception Suppression","cortex/infrastructure/audit_logger.py","106","Lock release with except Exception: pass can leave file handles open","File locks persist blocking subsequent operations and descriptor exhaustion","Always log lock failures and add guard to ensure cleanup"
SPOF_POOL_001,CRITICAL,"Single Point of Failure","cortex/infrastructure/connection_pool.py","150,200","Health check failure causes immediate acquisition failure with no fallback","Single failed health check cascades to application failure","Implement exponential backoff retry and fresh connection fallback"
UNHANDLED_PARSE_001,CRITICAL,"Unhandled Exception","cortex/brain/mcp/tools/validate_consolidation.py","225,240","YAML/JSON parsing without specific exception handling in critical path","Configuration validation silently fails or crashes without diagnosis","Catch yaml.YAMLError and json.JSONDecodeError separately with recovery"
BROAD_EXCEPT_001,HIGH,"Broad except Exception:","tests/unit/governance/test_ac_gc_008_01_comprehensive_validation.py","75,83,91,104,111,118","Test assertions with broad except Exception: hiding test failures","Multiple test failures go undetected masking bugs","Replace with specific exception handling for each test case"
BROAD_EXCEPT_002,HIGH,"Broad except Exception:","cortex/orchestrators/core/master_orchestrator.py","1035,1269,1432","Business logic with except Exception: suppresses errors and returns fallback","Silent failures prevent diagnosing business logic issues","Add specific exception handling with logging and error tracking"
BROAD_EXCEPT_003,HIGH,"Broad except Exception:","cortex/orchestrators/core/repository_scanner.py","424,484,517,540,564,623","Repository scanning with except Exception: pass continues with failures","Analysis incomplete and corrupted without indication to user","Log analysis failures and track error locations for reporting"
TODO_MARKERS_001,HIGH,"TODO/FIXME/HACK Comments","cortex/tools/scaffolder_templates.py","478","TODO: Implement test - test implementation deferred","Test coverage gap for template functionality","Assign owner and target date: TODO(owner, 2025-02-15): Implement test"
TODO_MARKERS_002,HIGH,"TODO/FIXME/HACK Comments","cortex/tools/orchestrator_scaffolder.py","437,473","TODO: Implement stage logic - critical stage logic not implemented","Stage orchestration incomplete and untested","Create AC-ID for stage logic and implement with AC validation"
TODO_MARKERS_003,HIGH,"TODO/FIXME/HACK Comments","cortex/brain/core/rule_evaluator.py","60,206","TODO: Implement proper context extraction and rule validators","Rule evaluation incomplete with missing validators","Implement validators with proper error handling and logging"
RESOURCE_CLEANUP_002,HIGH,"Incomplete Resource Cleanup","cortex/infrastructure/connection_pool.py","340,350","Context manager yields connection but cleanup not guaranteed on exception","Connections may not return to pool under exceptions","Use try/except/finally to handle all exception paths in finally block"
RESOURCE_CLEANUP_003,HIGH,"Incomplete Resource Cleanup","tests/unit/test_folder_structure_design.py","85","File operation without explicit finally block","File handles may leak under exception conditions","Always use with statement or try/finally for file operations"
IMPLICIT_DEP_001,HIGH,"Single Point of Failure","cortex/infrastructure/audit_logger.py","140,443","Singleton audit logger with no fallback if initialization fails","All operations fail if audit logger initialization fails","Provide fallback null logger implementation for bootstrap phase"
HARDCODED_PATH_001,HIGH,"Hardcoded Path","cortex/tools/toolkit/ac_fix_001_06_regenerate.py","43","Hardcoded path /Users/asifhussain/PROJECTS/CORTEX/... prevents portability","Script fails on any other developer machine and in CI/CD","Use environment variable: os.environ.get('CORTEX_DB_PATH', default_path)"
WEAK_ERROR_CONTEXT_001,MEDIUM,"Exception Without Context","cortex/infrastructure/connection_pool.py","300","Exception handler suppresses error without logging","Errors silently fail making production debugging difficult","Add context logging to all exception handlers with relevant state"
WEAK_ERROR_CONTEXT_002,MEDIUM,"Exception Without Context","cortex/brain/mcp/tools/validate_consolidation.py","205","File read error returns magic string instead of raising","Cannot distinguish file errors from valid operations","Raise specific exceptions (FileNotFoundError, IOError) with messages"
WEAK_ERROR_CONTEXT_003,MEDIUM,"Exception Without Context","cortex/orchestrators/core/master_orchestrator.py","1035","Knowledge context retrieval returns default silently on error","Error in knowledge gathering not visible to caller","Log error condition and return error indicator in response"
EMPTY_HANDLER_001,MEDIUM,"Empty Exception Handlers","cortex/brain/tier2/hallucination_prevention/detection_recovery.py","163","Exception handler with just pass no logging or recovery","No indication that error occurred or error telemetry missing","Add logging: self.logger.warning(f'Recovery failed: {e}')"
EMPTY_HANDLER_002,MEDIUM,"Empty Exception Handlers","cortex/brain/tier2/coherence/__init__.py","140","Silent exception suppression without logging","Silent failure makes debugging difficult","Log expected condition before passing"
GLOBAL_STATE_001,MEDIUM,"Unprotected Global State","cortex/infrastructure/audit_logger.py","140","Global singleton without consistent lock protection","Race conditions in multi-threaded scenarios","Use class-level lock for all global access patterns"
GLOBAL_STATE_002,MEDIUM,"Unprotected Global State","cortex/brain/mcp/tools/governance_tools.py","49,62","Multiple globals _db _enforcer without consistency guarantees","Globals can be in inconsistent state during concurrent access","Use class-level lock and provide atomic update operations"
FILE_HANDLE_LEAK_001,MEDIUM,"File Handle Leak","cortex/infrastructure/audit_logger.py","75,85","File lock acquire without context manager in some code paths","File descriptor exhaustion under high load and OS prevents new files","Always use with statement: with self._acquire_lock(): ..."
FILE_HANDLE_LEAK_002,MEDIUM,"File Handle Leak","cortex/brain/mcp/tools/validate_consolidation.py","205","File read without with statement or guaranteed close","File descriptor exhaustion if exceptions occur","Use with open(file_path, 'rb') as f: for all file operations"
INCOMPLETE_VALIDATION_001,LOW,"Weak Input Validation","cortex/tools/orchestrator_scaffolder.py","multiple","Functions accept parameters without type/range validation","Downstream errors have unclear origin and difficult debugging","Add parameter validation: if not isinstance(data, dict): raise TypeError(...)"
INCOMPLETE_VALIDATION_002,LOW,"Weak Input Validation","cortex/orchestrators/core/repository_scanner.py","multiple","Path parameters not validated for existence/readability","Failures in file access detected late without clear error","Add: if not target_path.exists(): raise ValueError(...)"
MISSING_DOCSTRING_001,LOW,"Missing Documentation","cortex/infrastructure/connection_pool.py","multiple","Error handling paths lack documentation about exception semantics","Difficult to understand when/why specific exceptions raised","Document all Raises: exceptions in docstrings with conditions"
MISSING_DOCSTRING_002,LOW,"Missing Documentation","cortex/orchestrators/core/repository_scanner.py","multiple","Exception paths not documented with raised exception types","Callers don't know which exceptions to expect","Add comprehensive docstrings documenting all Raises"
INCONSISTENT_HANDLING_001,LOW,"Inconsistent Pattern","cortex/brain/**/*.py","multiple","Some modules use specific exceptions others broad catches","Codebase unpredictable in error handling behavior","Establish and document error handling standards across teams"
CIRCUIT_BREAKER_MISSING_001,HIGH,"Missing Fault Tolerance","cortex/infrastructure/connection_pool.py","multiple","Database operations lack circuit breaker pattern","If database is slow all operations hang without fallback","Implement circuit breaker with fail_max=5 reset_timeout=60"
HEALTH_CHECK_MISSING_001,MEDIUM,"Missing Health Checks","cortex/infrastructure/*.py","multiple","No standardized way to check service health","Cannot detect degraded state early before cascading failure","Create HealthCheck base class and registry for all services"
LOCK_RELEASE_FAIL_001,MEDIUM,"Lock Not Released","cortex/infrastructure/audit_logger.py","100,113","Lock release silently fails with except Exception: pass","Lock remains held blocking subsequent operations causing deadlock","Always log lock failures and raise to prevent silent deadlock"
DEPRECATED_PATTERNS_001,LOW,"Code Quality","cortex/orchestrators/**/*.py","multiple","Some old patterns still used alongside new approaches","Maintenance difficulty and inconsistent code style","Update to use new patterns consistently across codebase"
INCOMPLETE_FEATURES_001,MEDIUM,"Incomplete Implementation","cortex/tools/scaffolder_templates.py","478","Test implementation deferred indefinitely","Code coverage gaps and untested production code","Complete implementation or add runtime warning when used"
INCOMPLETE_FEATURES_002,MEDIUM,"Incomplete Implementation","cortex/tools/orchestrator_scaffolder.py","437,473","Stage logic not implemented causing functional gaps","Incomplete orchestration behavior in production","Implement stage logic with AC-ID and validation"
INCOMPLETE_FEATURES_003,MEDIUM,"Incomplete Implementation","cortex/brain/core/rule_evaluator.py","60,206","Rule validators not properly implemented","Rules evaluate incorrectly without proper validation","Implement proper validators with error handling"
