{
  "timestamp": "2025-11-11T17:19:14.359059",
  "mode": "DRY_RUN",
  "categories": {
    "backup_archive": {
      "path": ".backup-archive/",
      "files": 23,
      "folders": 113,
      "size_bytes": 259060,
      "size_human": "252.99 KB",
      "risk": "LOW",
      "action": "DELETE_ALL",
      "reason": "Recursive nesting, legacy distribution builds"
    },
    "story_backups": {
      "path": "docs/awakening-of-cortex.backup.*.md",
      "files": 79,
      "size_bytes": 1610585,
      "size_human": "1.54 MB",
      "risk": "LOW",
      "action": "RETAIN_RECENT",
      "keep_count": 5,
      "delete_count": 79,
      "reason": "Excessive backup files (keep 5 most recent)"
    },
    "system_refactor_reports": {
      "path": "cortex-brain/SYSTEM-REFACTOR-REPORT-*.md",
      "files": 20,
      "size_bytes": 103988,
      "size_human": "101.55 KB",
      "risk": "MEDIUM",
      "action": "RETAIN_RECENT",
      "keep_count": 3,
      "delete_count": 20,
      "reason": "Auto-generated session reports (keep 3 most recent)"
    },
    "build_output": {
      "path": "site/",
      "files": 136,
      "folders": 100,
      "size_bytes": 13898170,
      "size_human": "13.25 MB",
      "risk": "LOW",
      "action": "DELETE_ALL",
      "reason": "MkDocs build output (regenerable)"
    },
    "legacy_agent_backups": {
      "path": "src/cortex_agents/*.backup",
      "files": 4,
      "size_bytes": 89433,
      "size_human": "87.34 KB",
      "risk": "LOW",
      "action": "DELETE_ALL",
      "reason": "Legacy manual backups (Git history available)"
    },
    "temp_crawler-temp": {
      "path": "cortex-brain\\crawler-temp",
      "files": 4,
      "folders": 0,
      "size_bytes": 4593,
      "size_human": "4.49 KB",
      "risk": "LOW",
      "action": "DELETE_ALL",
      "reason": "Temporary directory"
    }
  },
  "totals": {
    "files": 266,
    "folders": 213,
    "size_bytes": 15965829
  },
  "items": [
    {
      "category": "backup_archive",
      "path": ".backup-archive\\.backup-archive\\.backup-archive\\.backup-archive\\.backup-archive\\.backup-archive\\.backup-archive\\.backup-archive\\.backup-archive\\.backup-archive\\.backup-archive\\backup-manifest-20251111-150434.json",
      "action": "DELETE"
    },
    {
      "category": "backup_archive",
      "path": ".backup-archive\\.backup-archive\\.backup-archive\\.backup-archive\\.backup-archive\\.backup-archive\\.backup-archive\\.backup-archive\\.backup-archive\\.backup-archive\\backup-manifest-20251111-150702.json",
      "action": "DELETE"
    },
    {
      "category": "backup_archive",
      "path": ".backup-archive\\.backup-archive\\.backup-archive\\.backup-archive\\.backup-archive\\.backup-archive\\.backup-archive\\.backup-archive\\.backup-archive\\backup-manifest-20251111-152325.json",
      "action": "DELETE"
    },
    {
      "category": "backup_archive",
      "path": ".backup-archive\\.backup-archive\\.backup-archive\\.backup-archive\\.backup-archive\\.backup-archive\\.backup-archive\\.backup-archive\\backup-manifest-20251111-152350.json",
      "action": "DELETE"
    },
    {
      "category": "backup_archive",
      "path": ".backup-archive\\.backup-archive\\.backup-archive\\.backup-archive\\.backup-archive\\.backup-archive\\.backup-archive\\backup-manifest-20251111-153109.json",
      "action": "DELETE"
    },
    {
      "category": "story_backups",
      "path": "docs\\awakening-of-cortex.backup.20251111_152319.md",
      "action": "DELETE"
    },
    {
      "category": "story_backups",
      "path": "docs\\awakening-of-cortex.backup.20251111_152318.md",
      "action": "DELETE"
    },
    {
      "category": "story_backups",
      "path": "docs\\awakening-of-cortex.backup.20251111_150650.md",
      "action": "DELETE"
    },
    {
      "category": "system_refactor_reports",
      "path": "cortex-brain\\SYSTEM-REFACTOR-REPORT-20251111_152322.md",
      "action": "DELETE"
    },
    {
      "category": "system_refactor_reports",
      "path": "cortex-brain\\SYSTEM-REFACTOR-REPORT-20251111_150700.md",
      "action": "DELETE"
    },
    {
      "category": "system_refactor_reports",
      "path": "cortex-brain\\SYSTEM-REFACTOR-REPORT-20251111_150315.md",
      "action": "DELETE"
    },
    {
      "category": "build_output",
      "path": "site/",
      "action": "DELETE_DIRECTORY"
    },
    {
      "category": "legacy_agent_backups",
      "path": "src\\cortex_agents\\code_executor.py.backup",
      "action": "DELETE"
    },
    {
      "category": "legacy_agent_backups",
      "path": "src\\cortex_agents\\health_validator.py.backup",
      "action": "DELETE"
    },
    {
      "category": "legacy_agent_backups",
      "path": "src\\cortex_agents\\test_generator.py.backup",
      "action": "DELETE"
    },
    {
      "category": "legacy_agent_backups",
      "path": "src\\cortex_agents\\work_planner.py.backup",
      "action": "DELETE"
    },
    {
      "category": "temp_crawler-temp",
      "path": "cortex-brain\\crawler-temp",
      "action": "DELETE_DIRECTORY"
    }
  ]
}